country,PC1,PC2,PC3,PC4,PC5,PC6,PC7,PC8,PC9,PC10,PC11,PC12,PC13,PC14,PC15,PC16,PC17,PC18,PC19,PC20,PC21,PC22,PC23,PC24,PC25,PC26,PC27,PC28,PC29,PC30
Afghanistan,6.609698157032153,-0.6974181930906957,1.8978039945270841,-3.6935645325194617,-1.640280312354344,3.5752354127721815,-0.7803599359834311,-1.581915812750498,3.982901731994344,-0.822629683111195,1.5863665228563124,2.098487876574299,2.636720077075809,0.7013724878755817,-0.24219383139993572,0.2458378606848953,-1.157098443419917,-0.8933163780399112,-1.0298289777181016,0.5453033371307807,0.0960852471599694,0.6854561952928341,0.8937271427811249,1.475098634946037,0.17089643520964679,-0.5112698759676203,0.42243903247635567,-0.4959765531024557,0.7900043155549478,0.9092672334643853
Algeria,4.1700174879019185,2.7829875142716785,-4.221453825776974,-0.30550882145066577,1.4910911666437552,2.359598528158629,0.9813144591433489,-0.24804615064874294,2.335213545066317,0.6908788663600772,-0.6791742291844572,-1.1738726535103954,0.43700573202257087,0.5114619145609594,0.12140052413215531,0.09600607187181094,0.7514321101084348,1.126348079477189,-0.45709009128335026,-0.7466731998169378,-0.014466391470425211,-0.5604326549430649,0.04791408817868677,-0.5539849482783579,-0.8654641605991938,-0.6957262215869267,-0.20911773679466142,-0.13656145265012082,-0.19327016417325696,0.049596641048804076
Angola,2.518165603196185,-1.1294904346165011,2.5867985048586406,-1.7068312700167805,1.569058048662908,0.2196528774490036,0.475122598700895,1.0703875830846792,-0.07076293236772763,3.284716433364902,-2.682819939089419,3.5152343645240607,2.4283329827334934,-0.2327120034607987,1.0406115788564692,2.0337077671398496,-1.449980889337922,0.09989468222002237,-0.4933418806900619,-0.1088056044522368,2.262049632889607,0.242404987888833,1.694248809163078,0.972404565535169,-1.9784286982082329,-2.2948290660105823,0.8275615446700667,0.016545342811616705,-0.8096591319970219,-0.07127972588699033
Argentina,-3.275988872003286,-2.67422926634426,-1.2903000387210322,0.5652830701989708,0.14230324102921768,-0.60687104370603,0.5310528553508029,0.5601360593328684,-0.9207862539450641,-0.953312944153089,-1.0589253754624774,0.9642057448171563,-0.6638398271772474,-0.9891134957209886,0.8125877215031396,1.1172299191709643,0.23080978746570446,0.5358018561030673,0.5616654129912607,-1.836037536186585,1.4352048576617955,-0.3626929511276653,-0.043283054785253766,-0.22756511187590794,0.36585466312917647,0.7276090986978876,0.4086887711935457,-0.24714614294196152,0.04421268050980313,0.8591234196697136
Bangladesh,5.214773149674716,2.9222492238589544,-1.815137100284617,1.821533552646506,3.0398876219872646,2.7080279185210174,-1.665957284287466,-0.05237790025116706,1.0358299329134084,-0.005173883198894058,2.0242521517325587,-0.81920807992155,1.1810821128840174,0.4597636048207507,-0.7048841230300964,0.3085193924851992,0.14329917656267316,0.1844215648004161,1.7252435628486393,-0.04209079095475385,-1.1516087679450346,-1.1167640465556414,1.40396054320626,0.25618280288980777,0.010381235307702338,0.4061728625474658,1.0191216814337942,-0.6735429131638165,-0.6012598725679071,0.28255157588429725
Benin,4.482383940113522,-3.6027996299239553,0.7229599644641428,0.17479535606360164,1.968264478667978,1.76106599721001,-1.254369860294991,3.252632903074645,1.039260376478681,-3.231952924723895,2.360399020141941,-0.29713437677855925,1.9654984486804319,0.32654691456084894,-0.34079435623197973,2.3788032122036165,0.4068260948361601,0.6989658280267249,0.17044044051889365,-1.253562086273565,0.43373930699363306,0.547440047690516,-0.3946509444541299,0.5349828335933692,-1.1434585613579653,0.562451385572794,0.6680453904749402,0.22594885977988696,-1.5655646276894877,-1.0951951563490336
Bolivia,0.9493913640783715,-1.63532579960343,-2.2198152354976233,-0.0074305079498765275,0.14013506405577614,-1.3752106894496197,-0.8388550679822979,-0.2128345809703024,0.02421610663111108,-1.1083700723198704,-0.4186323187901021,1.256591508544835,-0.253044350127614,0.5541639909574677,0.5678703775559782,-0.5658032671698845,1.4021332193200986,-0.08662836080556836,-0.4418336484307249,0.38679609382783814,-0.21012632386012867,-0.4137502720663758,0.03390216202029199,-0.3135125996597372,0.16027113689394668,-0.89441179964278406,0.4162959314849686,-1.1782159865004689,-0.6008485880383597,0.2094786782477352
Botswana,2.0848188403829107,-3.7734278822703495,-0.7068358977217037,0.3127924085019127,-0.27826302237630135,0.04663055046896715,0.48897515097354993,-0.03207127958967882,2.3341197218680323,0.43579548788182354,-0.2769334808434678,-0.9345849094014578,-0.880748253918521,1.4652905517106924,-0.14706981546968342,1.3850749624913037,-0.336586366926494,-0.2855388874339722,-0.031935309079463306,-0.039177007374774066,-0.44776176482999663,0.4298143440003898,0.026159163508021235,-1.091686969701509,1.8973347300214112,0.18929144665562664,0.5843179387175613,1.177304417776332,-0.11050226969758159,1.0555042285926928
Brazil,-2.308469755753503,-1.0418175042127829,-0.9122224383990589,0.5797727006237956,-0.8477561760996956,-1.3482886329996475,0.021463963826228664,0.24528039954616604,0.6145038229852956,-1.5339364171720342,-1.2538434457948655,-0.20210107752326129,-0.14795311243443884,-0.7556995455461161,0.28352534786882805,-0.7529088765665003,0.640477884570193,-0.036204864700146486,0.6092281101717254,0.4430485947946602,0.4845307894840842,0.5862721774494082,0.16127757940303566,0.254426672493815,0.09173675423189183,0.1231436845543873,0.7089371665529881,-0.7739974285512532,-0.34186305220915,0.8009757771926291
Burkina Faso,7.125912602534828,-2.017164956509953,2.6498441223806157,1.3752413933683696,0.7837482853015971,2.2606149330589447,1.517363144877901,1.1856757283986943,1.6780153795766106,-0.056663381408199966,-0.44102824182876216,-0.03151489173453868,-0.9689727916906035,-0.9304075276837687,-0.47862138440512947,1.726739660247545,0.21204939644104687,-0.25434470620610256,2.381743794531717,0.230886725529805,0.2717091711639813,0.09467601092631585,-0.2544357871263938,-0.5652690875174444,1.987051118257686,-0.8406696162886451,0.42658537079220954,-1.0440801684292258,-0.46432588365622146,0.2747550559359371
Burundi,9.822212885685465,-0.9614606595645487,0.932491962847902,0.19703983097864636,1.4985999086522308,2.2723481864774207,1.5573022641552146,-0.9831349253960133,-4.355302247962195,-4.143528141256833,1.060062271297608,-1.337432644076115,1.9439142437981842,1.6038998061858047,3.2857729051618123,-1.890091914045261,-1.50224799483778,1.5820594079711163,0.3691287296923822,0.39321003326834675,-0.058625148587259195,0.42032769813224247,0.541922761628959,-0.9743184851761579,-0.354691494209212,0.10927384531283346,0.14403322951093234,1.5996254251579192,1.5026531161009,0.28973473548111506
Cambodia,5.202020979747323,0.6208012203513714,-1.3191918272425942,1.29757832212892,0.9190689029278792,-1.8686189910783944,-1.3362443353785025,-2.420527940265053,-1.2272255133710344,-0.8961461340188578,1.7593675774286694,3.066766772342112,-0.8607755511750345,-0.23100631437284486,0.03763474660101364,0.5164694843621233,-0.11997433565437586,-0.3804177760342236,0.27292176540408825,1.1482341864988328,-0.10470487798421892,0.16233960953146537,-0.8975267186226228,0.16502154998979982,0.6617834539123066,-1.3622192015358283,0.2324566355932858,0.2246176177544974,-0.24704665200840192,1.1008774905247203
Cameroon,6.69520958357918,-0.2500468481004038,-1.1811462988994557,1.178822366674641,0.6306699388166369,0.7396599882748273,-0.5604807931251045,0.001744210054235468,-0.5742497308643884,-0.4806386128538472,0.21482283953408596,0.19611531255233527,-0.05095303932210672,0.36423737556720004,0.6277342419494331,-0.688602295428839,-0.5086887903537236,-0.5708945448627338,0.4853643806175588,-0.24853609969501853,-0.002118376179310103,-1.092277381970191,0.10520478934193772,0.6373352213631946,0.131246199202234,0.33495998730696175,-0.5939358475466995,-0.9769881158000624,0.10293592778529065,-0.7884621679589894
Central African Republic,9.02641076142394,-4.332147318956694,7.452521758240319,0.2485462245961364,-4.252313393673718,1.9992755811896625,2.837493761832054,0.4977986629336366,-1.1088372941872273,-0.34238779190233043,-0.09960656176083203,-2.2470536398642977,0.020021937303727342,-0.8454597354980528,-0.406804524405235,-1.428744289777834,-1.902710445837956,0.9006181792690632,0.782343444630706,-0.44643240272981366,1.1912360539545332,0.30033757946268236,1.1809267000507462,-0.840574884294108,-0.5447770517315439,-1.1226448365385653,1.094312319915778,-0.34032081314582946,-1.0288791128769081,1.0144152772342534
Chad,11.62515995430261,-1.2611193278232626,0.7839799626865003,-1.354021064957894,0.8662073877596852,0.8874805729092765,0.6231756715248702,1.7225119696931621,0.18880717901048522,0.24062118913282876,-0.0032954144385137843,-2.189513339279883,0.7734655584676694,0.778538444916579,0.14281640159481632,-1.2192885875935457,2.131201066627217,-1.033166547764391,-0.10734646167923367,-0.14503683295969647,-0.2982256767717688,-1.0331505175968025,-0.5225568311515209,0.4230839242921024,-0.3812354087160751,-0.6272979605417797,-0.9299177006220984,-0.7280556220865766,-1.256931796097603,0.17540786157769617
China,-1.1076648865166472,7.3185289486500285,-0.4046974512477431,2.7012673942934726,0.30075543180820696,-1.7350109810212,-1.8463670316152996,0.7956643781050382,-2.1540382052500204,0.7744394209163045,0.3007284921711325,-1.757458067329535,-0.7068698994530623,7.524319217305023e-4,-1.9661242212441277,-0.23442411114542708,0.17410349819192342,-0.96014180210865685,-1.7153092644086794,1.2877769171012836,1.2186298561185331,0.4826144269256258,0.1219974403663754,0.3629836779631417,-0.5370926755780074,0.1473269822824742,1.036313592004494,-0.19587109468558997,-1.6469268000384836,0.10642303364168815
Colombia,0.13554853124100139,-1.1592928054664688,-1.411112985602625,1.5412389898049739,-2.9115481453290895,-1.0868306059334052,0.4399045334511447,-0.6196301683252785,0.6279441926319164,0.511613299708666,-0.2921062448981746,0.303885340429219,0.6185183411304263,0.9909248597069708,0.3893356446477571,-1.0463993419390514,0.10209650865916037,-0.17894708662160141,0.5042156020938067,-0.27842423385218573,-0.5334322977948296,0.11212654677197162,-0.10151625733519408,0.05446738447977331,0.3035613751961369,-0.40814587093016996,0.8097794835039817,0.06576482710418871,-0.9356911721637661,0.00240024056648424
Republic of the Congo,7.059986739568657,1.4111063194562188,4.468788569172528,1.4325234859282345,-1.606215779324363,1.304513599379738,0.3594527495850618,-2.1237469028302214,-1.5303123944355688,1.856842291026093,1.0765614040020248,0.30684072174116417,-0.9003844275412332,-1.2031765766069318,0.367193005765432,0.3817172105896219,-0.31561108737077215,-1.1366156528578855,-0.8567976318388548,-1.516666777942207,-0.39684413535830354,-0.5911051098132523,-0.019479339440511716,0.23167244389082575,-0.2275067676186609,-0.07432852088110767,0.4872152718358637,-0.7577674942279506,2.0869551684700594,-0.024199612031049034
Costa Rica,-2.4527724334520467,-3.3404155303839245,0.8967243060238385,0.939968348310595,-0.19112886208270688,-0.8013234675166461,-0.0750493816841042,-1.3992929211305296,1.7178313072209455,0.9520902716626002,0.40473768206313643,-1.3652866519356786,-0.18896549211687252,-0.6252378368079975,-1.2927825664118202,0.8664130625592342,-0.5019631675511739,0.06256473828736026,0.1312307980511207,-0.362848570531002,0.2776274658382276,0.8535987452184044,0.11636397030960044,0.06034992124554219,0.3807675484383394,-0.40932188310106943,1.112854132427441,0.6341153780173612,-0.3955542827252232,0.024049426135434943
Ivory Coast,3.9637339066222697,-2.0964532752810885,-0.8057599887745661,0.403598026386434,-0.6508229142417995,-0.7099416822819332,0.8991197200125514,2.737394251055747,1.5042790263210732,0.6886101159942885,-0.6592907399032809,-0.05934603461323653,0.7674454298580426,-0.8530785520227032,0.7645712078440254,1.234498721915874,-0.37285033592174777,-1.2608357523650018,-0.5549981386984579,-0.5478836779414914,0.17365168238564346,-0.01182965101847578,-0.5266085642506312,-0.049302987343502545,0.0526400795131927,-0.18876687362346065,-1.305623085267968,0.6891127476646894,0.32244668258568676,-1.145807158144677
Cuba,1.0477001038272955,9.845643282869739,3.613856091890787,-1.4781491073517512,2.880168582122826,-6.707325444243891,1.9277434441078893,5.5063130080599185,2.46512037790721,1.8155217219903368,2.5050137619942845,1.751689297620197,-1.4611677342454106,-0.35846555106990896,3.4610276072927797,-0.30178058367815036,0.16668544455439943,0.9089123510453561,0.6404559365549877,1.312640424862198,-1.5614691854233478,0.635892944617905,0.9924413980602255,-1.8773878830685145,-0.1912930327520994,0.012656409193389721,-0.7885678008836103,-1.2356250510897033,-0.1904500908377776,-1.1659259808089197
Democratic Republic of the Congo,9.82994025562845,0.7326587991523098,6.214382177795244,0.5754944209969999,-2.6254490469959375,-1.397604442062586,1.107045192979081,0.44347673162814844,-2.552189506416061,0.04151987945170664,-2.601987376996103,-2.2748619446357,-0.11701909341878475,-1.1648838384909885,-0.8187380382550274,-1.9728647386008928,-0.14989567643542762,0.9946632792989445,0.3572026687563534,1.8308773352091696,-0.785527403302374,-1.5117311482094535,1.7387298720782254,-0.9151565687656356,1.5128214305313747,-0.32133987167817646,-1.236076371709323,0.8955910075194007,-0.9766163832898134,-0.7810192837303327
Dominican Republic,0.5751544240771208,-2.5424541191718544,-1.8625439305388696,0.5761449553488234,-0.42245589624809,-1.205084057682687,0.26413714299595165,0.6149543963288754,1.0725963036079718,-0.3492132697260271,-0.47540619908588877,0.9501062442515412,-1.7464645236842251,0.17700949831801757,-0.055203884817424304,-0.6349523516923161,0.4230596594309663,0.5910323357260641,-0.1464973869674715,-0.6113020372790743,-0.08247761397424105,0.4924118015702782,0.2195212884899593,1.5083540313130557,-0.38097721730100725,0.05561749142159449,-1.1074169177329578,-0.4258809784176622,0.09522325689055432,0.4744268122540626
Ecuador,0.6106616781498404,-1.7907891787270993,-2.0219628742780227,0.13205251454815842,-2.310386324383029,-1.106118801087436,-0.6871800581175929,0.29436427624532135,0.6434567370861876,-0.12258934331751219,0.643260535313855,-0.25299346458433325,0.6721442094709941,0.22449978821799418,0.7851043543284685,-1.606616857001181,-0.09075980779373528,0.1649945408938149,0.7098140453334901,0.3948711077014444,-0.595998621476144,-0.2776570483006264,-0.7304935510925876,-0.6451573190612216,0.597398995368061,-0.10680560951596137,0.5738508694586477,-0.20492197488725866,0.28951197223970926,-0.08253358410559289
Egypt,4.082850972368929,3.7629320437187452,-3.522518910419199,1.4249829838103438,0.15199616328623675,1.425064456624419,0.5044993933707418,1.0769505690482775,0.6862209915396771,0.9599529903122677,-0.9835789116306045,0.7528020164190372,-0.5590952438315727,-0.6720406654305547,1.3467940725565686,-2.053632197855172,-2.022975566459458,-0.10530366388315444,0.3699970722912657,-0.34845829947017515,-0.1837743202787807,-0.6923733722208523,0.7006569354574739,0.2401457009545179,0.8437739901311884,0.9155002068785754,0.41512436083055476,0.2617287878956557,0.4359608788473613,-0.40988071111634283
El Salvador,2.1828212333489283,-4.809572494976341,-1.7584387535878163,-0.8494249589612274,-1.6237506041820888,-1.3568121525055048,-0.15687147164244863,-1.5139142757811985,1.4870107185214667,1.2559694385698714,0.9765476802229828,1.2464035744362356,-0.325396201526591,-0.7110665424407013,-0.6518903670045021,-0.7364947821218139,0.62788829786503,0.8798759363640763,-1.073933105699734,-0.2095656501529879,-1.2504398160852102,-0.1309917162071889,0.4874268936825834,0.11598164038775072,0.20039733770474938,-0.4787455577264759,0.8235386583858734,0.6789346957835545,-0.1538576389361253,-0.5028150887212636
Ethiopia,8.55535050149401,1.8381814689522855,-0.6992760705158599,2.0076415374847905,2.8277441390697238,2.714275779900886,-1.1788890301931054,1.8709658366545148,-0.5052146376040446,0.4343647663021164,2.3176106861465153,0.8479573507249317,0.3963134401835739,0.1541031721045038,-0.9115813797101775,-1.8301806111153662,-0.011612130694321487,1.1749066219925826,0.1277906419096173,0.7784837301635701,0.5407824177939984,0.0556538453453735,0.8527986648239184,-0.3435459623231229,0.9287695461628472,1.1403269319813942,0.26676886602281763,-0.7645531431847338,0.11067666160921087,0.3508687342458418
Gabon,3.6877397714270574,-1.2310828673557859,-0.9116398270930554,1.7052760437469336,-0.7807783690200534,-0.6133954388681108,1.0257544232411753,-1.6269733029884499,0.008960691129678802,0.35485061516589367,-0.8575508937175619,-1.4681046489376686,0.3543484618018528,-0.956475391496722,-0.14889921443415294,0.17516756722685747,1.0320164556727067,-2.95417663833695,-0.46314705758974567,-1.7194507125375789,-0.43705542451399787,0.7432084085044534,1.5298218167373256,-1.7322183338608514,0.9727748175737632,-0.49322690165304633,-0.43945390660507105,-0.883641656027174,0.06558174013875298,0.3527781957289093
Georgia,-2.1501795577488196,-2.4058832834876482,-1.883396935874709,0.5400855605561872,-0.8290183110225476,0.22301096694716568,2.168264827627622,-0.4389832011418375,-0.7406976075622211,0.03246671400283806,-0.28781618385531077,1.1552965456829947,-0.3861565459617423,1.09185015564417,1.4448718081162018,-0.16278600316991812,-0.5532427560895691,0.3653419727917313,-0.22991098022083564,-1.0224617425120084,-0.22015471033624154,0.6205496989113558,0.2807160990621097,0.2977744216088205,0.40463661852764415,0.35220279122387227,-0.8342859832120673,0.24424166257521596,0.39497690107134664,-0.17132042855301544
Ghana,1.9413308326424432,-3.9364219845567914,-0.10358071134289437,0.2387924576749365,1.6017103250872708,0.028515454668852733,0.4023103850088259,0.0580760617829073,1.0671387373438252,0.3594596649052251,0.4331889748892678,0.3015541907802871,-0.02430819844528819,-0.7729689124689867,0.28757173812705106,1.0774240635532197,-0.7029323049498147,0.26548730611732296,-0.19712274036674338,-0.5436567872906235,-0.7173860943784234,0.5176871803119804,0.15847198397570325,0.051473899948023254,0.3629129144246367,0.17657397941269076,-0.8212689312511674,0.3052832322452095,-0.5923847442065009,-0.8403901879289011
Guatemala,1.6946062644602993,-2.296495598502637,-1.3600257152215223,0.716068644250142,-0.4017254294361945,-2.8173786116093615,-0.9422345721081898,-0.42512409706462834,1.7471536191253276,-1.0415281398333518,-0.49313768153139775,1.9719541586360387,-1.0177345061761713,-0.4501065739309008,-1.1836291830898609,-0.5205468870359873,0.9139999040770512,-0.14662981095087335,-1.6405158794258738,-0.49236745742125454,0.5575669650732203,0.49874172292096125,0.6764741568551845,0.5207922811404251,-1.449134989536902,-0.4983994315993424,-0.16394966730432015,0.214685058547079,-0.2733161110939389,-0.44892820827208757
Guinea,9.100512620934264,-3.327030779287584,1.77861098701055,1.8569946268876891,0.4564377404615273,0.2201552870023048,0.7043206206327275,-1.082465337288446,-0.3043764760981513,0.18988818076870767,-0.02144884618840658,0.004673616713105039,-0.08074110979443136,0.19853783304385428,-1.3531611076728944,0.5486047116148854,0.4943071869316017,-0.7408076327818248,-0.36524754407059445,-0.9672576884396251,0.3171088166905109,1.1175420967804757,-1.6426568245855886,0.5242765229123019,0.3794621555069412,-1.146363891100422,-0.02415481101703447,-1.339911504451491,-0.9331645397365351,-1.4610448052561353
Guyana,0.8604758721611838,-3.187366674757015,-0.8542645005548182,0.1403029592067714,2.1295251026897954,2.652574449274071,0.6870809499825147,-2.1922781444835544,-0.25935499906555076,2.6126249838534554,-0.5906244982641938,0.7054029495509072,-0.15548443364193604,-1.8788361018668016,1.4272762479441568,-2.1610897104396134,0.9916682105583917,-0.24666024902199019,-1.2741079115868732,-0.08539429496912104,-0.9580079500245675,-0.6019501423532524,-1.9548906547590692,-1.091925113617828,-2.2060355872319657,-0.20723803228690105,2.0295531242889653,0.9595280132279006,0.2860004139122024,-0.6865830662094558
Haiti,8.234523476019524,-0.7454595049747328,-0.6598200660970321,0.514826202500858,1.9696978972488066,0.0059879006738938895,-0.09471252986932546,0.46915392069263945,-0.8499891676604007,0.683267663326594,-1.3669608433682647,-1.3522010686364645,-2.5832598144646157,-0.10442107952792348,-1.6323073757867121,0.6889875751546742,2.685818374766998,1.3602128550888508,0.34661279793196165,0.45876229463916585,2.044183635012442,-2.089826195737818,1.7517015202809656,0.7223670373285138,-0.6260767729666047,-0.3494935733673974,-0.8151553694486617,-1.8412871482954496,1.6235320584748303,0.9971050347884396
Honduras,2.6763381437152343,-4.173545000172814,-0.04245148685498403,0.07537817158745394,-1.6972408563495933,-2.1217301863691014,0.5336554781267412,0.63763851714481945,0.7154082619547797,-0.7246249483292426,0.07185286862106557,0.43041618144372856,0.28664660090563715,0.3757957614100268,1.0723953727578808,-1.0573656737850574,-0.3109406779226207,0.9502758548905056,-0.6229261646164537,-1.0111119875700925,-0.8716609586301611,0.177204951027716,-0.15677294966285255,0.708938069107432,-0.5812519964856067,0.36517759155856466,-0.0060754595404060655,0.3646812073552494,-0.6799722977727175,-0.13661125497197887
India,1.6936783711460246,1.2287193070760467,-1.145080751702408,2.7436664600558904,1.1774261995199722,0.20435785435755194,-0.8166834681395249,-0.14816231469597432,1.0498798443902904,-0.754567353278454,-0.024442841273308175,-0.9366408723497155,0.44551099309331876,0.2692192313438278,-0.23821906464189865,-0.5493700611003298,-0.9627888001273063,0.46238607206943055,-0.14660908077607715,0.07159905459797641,-0.6479621706095434,0.7444024320326699,-0.1970034604138105,-0.565516473115377,-0.8042229969060641,1.3043073346663154,0.4737881154646286,-0.9354137197810571,0.37360523705003246,-0.21223480374704712
Indonesia,0.9537491229028088,0.1444971027721748,-0.7443512866669915,2.0719242911776172,0.9198816600363812,-1.6093180306821153,-0.08738635208757307,-0.9535587328865118,0.1806524069433234,0.22239912438360096,0.3880684760871861,1.266272911162314,-0.3179946054947659,1.4026425103965001,-1.2778563350311578,0.4609948710294381,-0.14741006910490237,-0.7572782501928695,0.7869868957045476,0.3932628241385186,0.3233592054229111,1.0228418510865092,-0.1459369529600352,0.5955185578584022,0.5912520101103642,0.6164227110296019,0.565581264750117,-0.4121830724064351,0.09457600559841843,0.37763490031142644
Iran,0.7691290750183482,6.1262036293919575,-0.03301390275693587,1.660984210247849,2.9043813406417587,-1.9449502647341876,0.007614347723433158,-2.8817174717156577,-0.26165212729595205,-1.2937413724714928,-1.0910675655903899,-1.9537614820198816,-0.29620647762250657,-0.7981263308683956,-1.2214872007142006,-1.4813517806823837,0.45151002215090413,-0.8805158369802613,0.2780607174699965,0.20677443262040632,-1.5111756039147293,0.05830118456384015,-0.5793788760243771,1.0774845301540168,-1.5270553522509545,0.7287007231017685,-0.2917149775864707,-0.25305199699743597,0.31886833373939666,0.22570507072404503
Jamaica,-0.8566176379976844,-3.979634880831447,-2.8035930016225974,-2.630794834613176,0.345131003720199,1.8349269663124317,-1.8138398429918638,-0.7488846302952696,1.0045420948118384,-0.02700193532447073,2.055032038188307,-0.5864098910259135,-0.37423674319901784,-4.154444681061606,-0.38453361067406605,0.3785716501274339,-0.7766579690081629,2.3655121751929156,2.500854332802522,1.9361034653963711,-0.9221143102524207,-1.0980688886930587,0.07957791824159291,0.6724085955064805,-1.0405769828417828,-0.5463011359636504,-1.016727262020421,1.29632514648113,0.5496600385147973,0.6447064515609927
Jordan,1.5557846626702003,2.781308859522962,-2.8909323946225154,0.8886715976692326,-0.018480939646119264,1.6711801637055956,-2.0138228926850426,1.3182530141128563,4.010420707513275,-0.4633476265105582,-0.24767644541117834,0.9962734124486217,0.08817298511119159,0.1319533584220481,0.641371661217159,-1.063159329956062,0.14254961263994778,-0.3050048181811334,-0.3277471671547121,0.3856995784660609,0.07219068884439189,-1.3413374827821791,0.27789077501189285,1.0698392890452233,-0.19392955091139125,0.03422790111403116,-0.22091713715009714,-0.1306221878699187,-0.03251761752514139,1.2971406000664505
Kazakhstan,-0.37348279804326134,5.353035078212715,-2.052628287645005,0.7047719992572901,-0.3647778512231674,1.0477392443441897,2.327918412806221,-2.2159643875062645,-0.7770790841871931,1.31710179544726,-0.40490234972001987,0.27280760468929915,0.6834346339369427,0.7854918956331577,-0.2656831848931367,1.5771869782635433,0.3429403463748216,0.8117966135446726,1.0102162075583059,0.5586655966833248,-0.3329421783384876,0.10373708054242534,-0.04599301530035336,-0.35976257512218346,0.4724348078520454,-0.3768962235463455,-0.5650829618767824,-0.03777610167498787,0.25307808521518055,0.34380754907280725
Kenya,2.578114177825549,-0.3367302439508191,-0.3287030908950808,0.6219949952764763,0.4462220514092521,-1.542975102832739,-0.9585963290159127,1.1279329790992503,0.8848326296246846,0.8337120636608042,-1.0319999296989688,0.23163214612681926,1.362449653079913,0.6256911913019484,0.18236245647522265,-0.06479049114021863,1.048531818425857,-0.7244104739204167,1.0251742341772407,0.5962946713720992,0.21121106787601102,0.7546274871691775,-0.3402752217264431,1.2374257916688405,-0.060932855336195774,-0.6030014116022889,-0.33948336580569444,1.109477518322478,1.1455530344374,-1.4799096835857348
Kyrgyzstan,1.3858587424610451,-1.663069162583692,-1.2617605918676862,-1.0460354796574962,1.2349593022721586,-0.43844776573967076,0.8955255076102236,-1.7775260299977085,-0.07692163642237335,0.12030521697878471,-0.7507601026651218,1.2322755875902902,-0.03815983403588182,-0.03478188694093717,0.6463310989533476,1.283117085967478,0.1281691263893932,-0.11733077489716456,-0.09822445855928921,0.004028670335439457,-0.4893438179087824,0.2188929206370966,-0.7926287838578631,-0.1317252178293513,-0.5031720404637023,-0.9739941204845761,0.1570736184379061,-0.4905328129539354,0.6319731241415767,1.608611776756853
Laos,5.979089554230435,0.8688287781649772,-0.8811343590829243,0.8665751601974159,1.2042661835241095,-2.3363046423919247,1.4032281249322993,-1.3891029487406368,-3.2790517432095565,0.716748840238322,0.587362595104709,2.1935292832442697,-0.9913961410651737,1.407030919615012,-0.2659731479569649,-1.7728062993796567,-1.7680551993039662,0.5651285009878656,-0.23798847676394205,-0.5958444252505395,0.9301250567477509,0.296376772946562,-0.04886012145428152,0.3971986841740822,0.2219324194843191,0.17486911122552268,0.5025469046552558,0.22133282601777618,-0.646662268826652,-1.0914113658461995
Lebanon,1.4391981870241009,1.8233532966661934,-3.949022225202358,-1.768257681078279,-0.9155886815313372,0.8751181764105757,-0.5160815117015098,1.8175899642811155,0.694068554989603,1.366196130643802,0.43870079955289404,-0.3916100700007827,-0.521683227503847,-1.0679837949375754,-0.6867277004464433,-0.9167951475582268,0.4252210990314517,0.7676144362132168,0.09790990985517364,-0.6032538458317439,1.5533236455508466,-0.6753131667650238,-0.5060160745720728,0.11403423066767808,0.9878880316468385,-0.44977817071633047,-1.6087993653116457,-1.207055597318692,0.6216459754233314,0.51764154976683
Lesotho,3.498832347260786,-2.5723090301730807,-0.9430393705531261,-1.7056835132128085,0.9818531784798562,-2.47131013584092,-0.9606702626995547,1.1550398030880134,-0.7403275677615533,-1.0888474065770801,-1.0306178742209622,0.7929100519529275,-0.6428705246399804,1.5764499976243311,0.2310774163697485,1.574031744783229,-0.015464734509186076,-0.27117191417281505,0.8401924600885005,-0.10868556112681742,0.34510669503966424,-0.9679726178611804,-0.0915286609885719,0.1380387764623995,0.57449291149087,0.7962222106922447,-1.06368905610528,-0.1146319547524493,0.019544105238864302,0.06387596770483078
Liberia,6.1620342360984655,-5.439806245366516,1.4261701995057439,-0.44714270177211546,2.225467069738793,-0.4072115403474778,-0.5439538076907535,0.7961516367059562,0.04737860567260488,0.7892520429652727,1.5245249532131482,0.09424954251664028,0.09715387195636388,0.14512317632179234,0.27593336967906645,-0.8253802056905762,0.7228043886054767,-0.9649546675026985,-1.082390858823669,0.9985323676430221,-0.07215849889909558,-0.387738003928308,0.22143278810778966,0.8738239532828419,-0.06642948501420923,0.1708100152849525,-0.30881476603937547,1.4085421528575008,-0.23876375439385214,-0.4732430242265354
Libya,3.3159030800764513,0.8737578322220708,1.19620398353231,-2.0342516297725615,-1.201943412445596,-3.637136050866269,-0.19847214354388748,-3.735817247299714,1.968690294769147,0.24158539945873836,-0.699535591428318,-1.232925178302322,3.1317977915638595,-2.5171248269429354,3.9530674559811887,0.7472632639520278,-1.8593859854340817,2.8579486250434267,-1.9006907343765733,2.2130323943735792,1.670011793691653,1.7400784398753244,0.427467896040375,-0.09341579663199356,1.0953395069892156,0.5836647854328489,1.6356584839082426,-3.028113809173703,0.4205135304376026,-0.5042710292228795
Madagascar,7.471899857462058,-5.082113023850278,2.462680039184341,1.383581113059281,-0.048828750901503265,-3.1571224188092426,-0.11410927700167313,0.24055264855282063,-1.886008068271604,-0.6820921518182416,-0.05504489834102221,0.05200742133044722,0.3601456803623221,0.4233350011872368,0.9735090330593349,-0.7579534656705039,-0.12034207683337367,-0.5985775956279988,-0.08030304754160564,0.4676557948360525,-0.8331243779948904,-0.35341454199177164,-1.3030858587369423,0.23956350790643546,-1.0336711224471578,-0.7027595188539775,-0.031147819090423808,0.2584152621196393,0.8986722165253263,0.5881288829006869
Malawi,7.454269721772549,-4.446488970777208,1.4065683368847424,-1.0974679578913753,2.1849820330809955,0.25652924719316267,-0.9993967054449054,0.7409606845177266,-1.4858670585943536,-0.5902148023664804,0.2686963793288058,-0.09257873574818437,0.1373057585281587,0.436396978332105,0.1330468311427675,-0.49727841594116706,1.2219885177029868,0.566442566720222,-0.13677498068142505,0.958650662789507,0.030147737106594324,0.9442766452796472,0.3890861820129534,1.0960228646108088,-0.26408191117820656,0.004108771671096759,-1.0623576793431826,1.1268530239773762,0.2871109247667339,-0.065475108404144
Malaysia,-3.5056562874708552,2.800684528161955,1.3438880536961502,3.7536527929650108,-1.1787212842874388,-0.6342389943576048,-1.4339540236817168,0.033115485968298476,0.8817340538597502,-1.31993288952091,0.6915806177722564,-1.2100100776794667,0.5554405489661066,0.13024067490633645,-0.21764122257260551,1.4539190700541158,-0.20871852362397397,0.0023926073492156474,-0.1777041455371417,0.5911301237813975,-0.1549428125564836,0.7916402521053716,0.18802278762809913,-0.6282197885518295,-1.2244883628806364,0.452679050077584,-0.49844660561518833,0.9284059804862596,0.42682883571687524,1.1251924805969327
Mali,7.493433908034837,-1.006168781484939,0.694610959769883,0.9578053360654493,1.060433739698543,1.3408596806293014,-0.5189615488314625,-0.3667738312575745,1.8605760038448356,0.2538888262792085,0.8756480146285798,-0.5228751318539755,1.1174271708681973,-0.4466339598140404,0.7072530687808144,0.4214748852949812,-0.10681301726596362,-2.028773642667252,-0.86330609776706,-0.8012359001813001,-0.7345530399445699,-0.4590257548811852,-0.19690397713599328,-0.5704041843521712,0.1847693226959703,-0.9822329905154513,-0.5270963311996827,0.10774558785939993,-0.29910075515924617,-0.5797329572984623
Mauritius,-2.874769479742612,-0.15004037367886866,-0.752965712723646,1.7542109929097942,0.29272603080002507,1.1445355447380667,0.33356568886988414,-1.4540030788754432,2.605278284667682,0.1725272504024854,-1.1072749096827201,-2.2269008900223284,-0.2738800731068759,2.0500856872086173,0.3877016583995064,-0.2585749910396799,-0.7149653028695734,-0.14396781115030752,0.14647752675194464,-0.8314458198518606,0.14108949700608683,0.17266547146267344,-0.6082857592574609,-1.0859242105923668,0.12502265588308972,0.7392609091091217,0.719023851991715,1.7588567839504485,0.4428444662860986,-0.5253107686661237
Mexico,-0.9243766239783866,-2.995015449015792,-0.22256018198018554,0.6437202964973339,-2.838523283660041,-2.124430425185264,-0.44098778920482373,2.3534779818320226,-1.2446365561089192,-0.5795698755149552,0.9616564030595923,0.11258033728085244,0.7815185563390895,-0.31632187281104107,-0.989475714582611,0.669976324884247,-0.1259954436580521,1.8181678490452575,-0.29451430728611244,-0.8237284727330734,-0.18078214293909617,0.12454903132545399,-0.10572269099942116,-0.12658365972120497,-0.44302301228762603,0.2185935115514603,0.30355407887357005,-0.11921148661320012,-0.7568218629692411,-0.7453022438954411
Mongolia,-1.6916437844175851,0.3595230353845889,-1.0075289141156862,-1.1022785767117986,3.849553760694276,0.5937747293935988,1.4687140929080373,-1.9249334842263908,-0.03119220155941376,0.5216155084740615,-1.8839162792529762,0.5151972579094148,-0.23012521799947533,-0.5033904622159634,-1.30182382929656,1.247851285986337,0.07683200303259832,0.9809131934369522,0.9521923088979314,-0.01757041512367717,-1.7125860912039286,0.6153617513229964,1.4182574856324004,-0.916786251939424,-0.9448266890895919,-0.8197186510942872,-0.531242890502449,-0.7485930027932673,1.2842997698122258,-1.5154849358880076
Morocco,2.341976286065561,0.6745905866685895,-3.4084997523281575,0.5806834793934651,-3.1314304821430397,1.8715440186915606,0.9284595001887519,3.0203732425571466,-0.09163873285192325,2.1096613959353063,3.19980046868023,-0.35891740316837817,-0.07233527040643545,-1.7574083066134052,-1.2387562143150197,0.07990414039862896,-1.3837861769773625,-0.5087558043079342,-1.0603707472620405,0.04517111537513163,-0.4147415195347591,-0.3841955045400545,-0.29681291449899283,-1.1276706543854875,0.02824154903814132,0.38229089107152575,-0.03837343607233883,-0.15483959715917056,0.48276826540960616,-0.2833853920915677
Mozambique,7.0525742752957665,-4.660798109087459,2.9732874331981907,-0.23748022502081223,1.7499160726925995,-0.31033451911054344,-1.1959566284236942,1.3633099162027909,-1.6182557953058858,0.6780621053819103,0.34387144167645356,-1.9828565271293634,0.690476831225781,0.4748856314517185,0.24072067470922265,0.1502291422284628,1.1826895257436831,1.9738483765757477,-1.4095592005954167,1.7272016319993089,0.9962263369643451,-0.29442363581353903,0.5219767490819716,0.6381463753092138,-0.20232730448098152,-0.06025519142620977,0.9239960875459463,0.7580874174838166,2.350978713605333,0.6850369377349591
Myanmar,4.921693881596923,1.5897720658225512,-2.0801883874481746,2.9121328909837034,5.2620543656572245,2.2990943284153706,-0.08038938909163053,0.03573595912038817,-2.978958296155578,-2.076679014685116,2.760082756195203,2.7658617949465736,-0.33090290309956416,-1.0655193320898528,1.6698431985341435,-0.5848061554237051,-1.6613307389814396,-0.27612510004718,0.899516252618208,-0.4355476603207114,1.0455629361595074,-0.6882850063222663,0.17112908347064093,-1.171782892297885,-1.0012348202034873,0.28914804676116745,1.2819126660370288,-0.5779176564446658,-1.5015974253472009,-0.28010829782428276
Namibia,1.1905183641973571,-1.814479865147609,0.9368935492005243,1.4789611416806288,2.577795583299993,-1.1671261413981875,-0.123032789955993,-0.29428514080498286,0.7945028439880629,-0.4459772898309231,-1.0446482066786134,-0.6211116217397501,-0.39584964450117266,0.8246687468222226,1.7793010931686506,1.0744468662383218,-0.08120568116785135,-0.8566862451243094,-0.03471053238575216,-0.7272222775146998,-0.03227443655040977,0.8444903037902528,-0.43600034544445276,0.07368995828208764,0.6111033095235386,-0.16668980874159395,-1.2780680635576085,-0.010003075943843509,-0.15154743151557995,0.705611164757421
Nepal,4.389501062053931,-0.8825513730830603,-0.4439159950312725,1.7338872609152634,2.740688444021394,-0.22039082442895241,-0.6639606323483271,-1.7999973756868446,-0.062005663764670024,-0.28813671676398306,1.3252302185210234,0.2477275005833394,-0.31369593182947303,0.25373785917480063,-0.6439124997140366,-0.3000225949716115,-0.22789374117167563,-0.809468055766531,0.8395553882088508,-0.7455790390638506,-0.4302144073020315,0.03057222831744813,-0.030736411863932472,-0.35353282410441256,-0.6746017922623525,0.9371275401468707,0.9648579302368911,-0.8694305368098899,0.4691349997770964,0.2284297861465842
Nicaragua,5.295719716286089,2.560713862573254,-2.490322343208738,0.2548561082247642,0.13339977176409776,-1.4250956780979878,-2.568363646206643,-0.29868561684410844,-0.22901995029001054,-0.32694893642866085,-0.9930968247491802,-0.5675675095904994,1.1522814999484206,-1.3771470556488272,-0.5408835118835009,0.38785683978579233,1.5776989779369146,-0.02033248389618509,0.7467256183664875,-0.5711502466250168,-0.06772570923726788,-1.5254908721167975,-0.7913747180257785,0.6628300358516881,0.12007935169028319,-0.1024842705705293,2.2046765812425235,-1.0362236752656304,0.4204697535824543,0.7180651037740972
Niger,8.560956931755126,-0.725306803435709,5.078033127603423,-1.6283297424750356,-1.9956651406937587,4.805593990188526,-0.3552613118570765,-0.4236482845917423,2.474150651312922,-0.5268235764392628,0.22497229086573067,2.29973692570842,1.0066234782850567,2.7870500625967143,-1.3726974127648879,-0.6482788071494666,0.21477276112944008,0.9898781549166827,2.33627021117596,0.707351936625089,-0.1705241265519554,0.6875117691916135,-2.451716123231997,0.01909731767790739,0.5939429874842596,0.5069169908346682,-0.8806091058024808,-0.8374902479704487,-0.13054769660020338,0.17457740482433282
Nigeria,4.580951858402138,-3.231593670073946,-0.37934476576874404,0.6563436947199203,-0.9760881197360838,0.6354337400507077,0.6652966627677273,1.210571547265005,-1.2501237704910129,1.4445045990677488,1.0773559953604679,-1.6659904191756532,0.6137048619492893,-0.03128081487464998,-0.8730949825527025,0.8524011946964445,-0.5337158202662012,0.08198269061308222,-0.6728344659957677,1.0776548693292451,0.18369932748990342,0.3358215044593019,-2.126612595695771,-0.2889676587144269,0.8224240662218172,0.5390396408521022,0.1797242262580924,-0.42348358146499854,0.3943220256479696,-0.4690174532500054
Pakistan,6.867972125422952,1.9432604754483958,-3.0134705206129744,-0.1538976108252552,-1.0565700990045839,2.122158880589702,-0.8201042242620113,1.289912024794566,1.7889471205331684,0.13859583963012628,1.8866017235118222,-0.8111959934329172,0.8601594965990786,0.6000861664014897,-0.7315250259275746,-1.5624430780235317,-0.3817202739035384,-0.03121631641927866,-1.2458973406128395,-0.5078484866197868,-0.34118856253875307,-0.14980316794288878,0.7060161335257027,-0.35932456642687605,-1.2177886859178884,-0.6461697261154653,-0.7390909911557301,-0.7852309953018378,0.8886357519207089,0.048742729985556135
Paraguay,-0.5189316274512811,-4.499442992449067,-2.868875951926325,-0.30212608712163286,1.0558704781545385,-1.682003681060809,0.9430629645479858,0.20553319395894443,0.4838503495693056,0.30157968814159763,-1.2940356338013945,0.00251421907704473,0.32104489830982313,-1.5313248416972907,-0.0018428032777582561,-1.224138670079365,-0.9674010047680867,-1.1665651768376373,1.1680437343397942,0.16801998833993811,0.7671218541807178,-1.1755108907512652,0.46363597904735554,0.5198020794464511,0.3042215549393012,1.2199139895813842,0.6031367221117744,-0.4831941009141998,-0.4790997388607479,-0.8710483743902586
Peru,0.2034196963988169,-2.294965717261219,-1.9445594140695441,-0.5233479639326372,-2.4007947065823805,-1.387456030055329,-1.086173160152015,0.4574667087564731,0.6011192048822322,-1.7551095645568797,-0.5262565506990294,0.6433537496224944,0.6362591376456068,-1.0567935618205506,-0.28734563486030323,-1.2414746857868277,1.20413108851229,1.2729840569943416,-0.7516196183831914,-0.8471562581828229,-0.8567043357261321,0.314476895180696,0.8899638713001066,-0.5621024342883844,-0.14647969538104566,-0.6821100395044707,-0.24344621229057756,0.08766768628503174,1.0159943081606593,0.07898287341974548
Philippines,1.7478987999174374,-1.2644317691305604,-0.7825705935268015,-0.269145344033865,-2.397943704324953,-3.500658559253311,1.1838410624740214,1.8852999421042602,-2.623166728594726,-3.2763377415509023,-0.47213829627530945,3.0160424188461956,-1.0156060626434933,-0.0783331271069891,-1.4597230348955061,0.8639095787340142,-1.5961073106530355,1.8088429947526061,1.5886872168146842,-0.3899037712430981,0.7029368785640618,-0.349018145865957,-1.5609217642075095,1.026761490611293,-0.8373536182150848,1.121733960619555,-0.10547169761119911,-0.8635264834014936,0.2308002057899059,0.7671082813442471
Rwanda,3.349809833607941,3.011587159402401,-0.7627855929930576,1.1488427164833002,1.4708110964056114,-0.2558069012561281,-0.7172422286767816,4.738140637595364,-0.8460097744041641,1.5226162017221043,-0.9880904143329338,0.6994695237005896,1.2239823225247422,-0.264485428493731,0.08646016664653208,0.9445789856018814,-1.0448406284826126,-1.2279051616558219,0.11858138000211146,1.086004369046946,0.5441050141759277,-0.0900997103643795,-2.283249418095606,-0.40841666583605635,1.1877108593904464,1.6317648083280447,-0.5521833636342612,0.5751266406545823,0.974495924331315,-0.9618732624972727
Senegal,3.8582819561771693,-1.7683706995768207,-0.6703542884373843,0.7942419066077554,0.2135180718506755,0.30773965481062904,-0.23241787760938384,1.343404779433514,1.8151463883826475,-0.78995917621689,0.058694642736810625,0.8113977064800173,-0.014732907642973869,-0.6268159332135712,-0.411244881179772,1.1875166749352122,0.5678516228485165,-0.3746177924363159,-0.1198666613558125,0.3613927310612756,-0.14187440992589756,0.10644173198252307,-0.6245777989727523,-0.5840673073641802,0.32690704989201036,0.14284782312682046,-1.737917999599903,0.33818916495324947,0.07635228313992201,-0.43040761109898484
Sierra Leone,6.0252026341150025,-4.050793533679536,4.551003635612677,1.4509879341651821,-0.28216139607864266,0.8132001922296066,1.1359205203676699,-0.7970468604751558,-0.46090016196929057,1.5741505465274004,1.5582821529665416,1.9148459220909877,-2.491203000833789,-1.379138923008295,0.157576544192189,1.4008186795833977,0.663151708686886,-2.855738694890868,-1.3188378591856211,1.118499781778948,-0.65939913447408,-0.9674675236975832,-0.5196475524431179,-0.2038721069530285,0.05213041639968688,0.20028187668683056,1.2662241643507157,-0.4204570010983023,-0.294275506746401,0.9690513928469315
Somalia,3.868924877666179,1.400030506337536,0.41760635287156034,-8.96697992123149,2.3510418571491885,-2.0715134503468744,-0.29050816284261616,-1.1567468252660065,-1.1058976038562065,-1.4891836701260188,1.08128283928369,0.5058792826986906,2.977773717544012,0.6216867678558212,-3.918714325567935,-1.0910463713680942,-2.661536045510369,-2.0127563770752337,-0.9533021252990502,-1.4125416735785328,0.4815228352945637,1.6853700324619731,-0.6197533817251376,-1.2415802571187389,-0.7530457977926291,0.394747747075363,-1.765754696926526,-0.6625275950084377,-0.5572860042320249,1.0950254142944256
South Africa,-1.968429307098976,-1.4028728642240134,-0.14675714647494745,1.6668840760782444,0.47897191452063687,-1.359077002151604,-0.5176621227228791,-0.8602864659301354,1.5484373789332244,-0.8169530122025325,-0.6098991608998436,-0.3661189090420125,0.5639695166269422,0.8091885873013983,0.13212642699675883,1.2207018551482607,-0.13757090100927263,-0.4310758826855657,0.10845725479296135,0.18078742358672847,-0.30066653729145204,0.6164449924069941,0.5214934653445246,-0.10530958876430799,0.14217463820715132,0.499461900207569,-0.057271998411761234,0.16713026498705336,-0.9154204017905795,0.23016156378830338
South Sudan,4.906480543428944,2.5605283370645577,2.338854396209419,-6.19926420729554,-2.307224110888677,-3.996571703668032,-6.048498977410685,0.6083348227873715,-1.3811281290598962,5.839327396102153,1.431795431635917,-0.8856518315825548,-0.4200495453748382,1.1750102007653684,-0.7021434658209392,-0.9571620992112314,-1.1867464765784652,0.5318906992856361,1.5575873043068085,-2.7491011126237974,-1.6826613969204234,0.006858348566953554,0.13818538632816427,1.6715893842927558,-0.7049730045565771,0.5912357049971079,1.481164635358659,0.8014328090581835,0.7311902899756751,0.8317619807772103
Sri Lanka,0.2686628525596633,0.2926277362871217,-0.40011309349518825,1.7633350456250187,1.8557852751903756,-0.25247268989438065,-0.15752995762988928,-1.0851799519466314,1.4025223108791816,0.5003339884314539,-0.3554019636900115,0.7123352484679255,0.11856466623362757,1.1863748029282153,-1.1888769146273939,-0.04830107959174645,0.6136926562570864,-0.6969154303815154,-0.8457727930722727,-0.42384619721611577,-0.3389277773462149,1.5279272988057095,0.449310347953354,0.7357006095028705,0.3255196877723173,0.7288049636749072,-0.7155864171743271,-0.8627158340777071,0.2659909388443784,-0.8005835832628627
Sudan,7.800194359653621,3.8873775755067723,1.892831070294761,-0.06656681428327124,-4.107363398784637,-0.04182148879305192,-1.0231615561386807,-0.11016053354823448,0.2818213006150752,-3.1114924102571577,-0.2333715718282502,1.247452578820942,-2.464188561840519,-0.19735913110650993,-0.29641303125170937,2.223097856233652,-0.39241037285014807,0.19409088249281367,-1.265495657678532,2.960869051278704,-1.3555744031814705,-0.30887030289071105,0.6638948585840556,0.5942955078780022,0.4794501804916099,-0.37883082531044154,1.0747197666232815,0.7027887835743707,0.6195277331634517,-1.1603510576209284
Tajikistan,5.588740691606495,3.6729204212914963,0.016711954291406372,1.7060769559604732,1.8220021044815626,-2.0954899337330017,-3.861303589782531,-2.4322129673322426,-0.08974217092530312,1.5338428853040083,-1.5053700643274974,-2.3813852364573678,1.465706470383565,-0.3646360584919973,0.021422338584557794,2.1957995228107086,-0.301032748947143,1.895274518781083,-0.05265054277282255,0.5938341580875677,-1.8731248223469694,-1.5496995297483698,-1.0101056595351887,-0.10908703325780074,0.8440449576894107,-0.27006325822612665,-0.29084315192009663,0.2400123540293997,-1.0748741321450148,0.41185463978148384
United Republic of Tanzania,6.4486492522574235,-1.334700964871676,-0.22519291784550355,0.6224263260889173,1.5793323313326206,-0.7095610287505837,-0.012378101095324383,1.3369857116818649,0.21824019083467389,0.7993357497909013,-1.493437914820235,-0.016481981039568577,0.14885658534206017,2.2513721453676068,0.28792570907302834,0.22698774626460555,1.2817241386447449,-1.0300700132758511,0.6308294123389564,0.19670280883086042,-1.4551402513563876,-0.19041552835333922,-0.05902664343622137,1.0304099580440662,0.47998392242036747,0.42633823657307474,0.6509251741083495,-0.00870810897049692,1.2540851621248303,-0.5405640382762216
Thailand,-1.165835232952894,4.3494821767030745,-1.2870329668060396,1.2433288494850971,2.07249366282823,-1.2532808222409992,-0.2285899836165509,-2.637741319578928,-0.851127630875456,-1.8220216056530474,1.1281535772609075,0.04700868453665051,-1.0394353373318452,-0.5592416684527901,-0.41137445447004045,0.625650287851697,-1.6560236942002984,-0.44794730721843196,0.6689637727523007,0.16609598836069892,-0.13859475988344944,1.8489302950390856,0.8728105483248972,1.074802463113603,0.36765010753957594,0.13098347368672214,-0.36700577173782634,0.6417570332244124,0.516325739424905,-0.5951363086524842
East Timor,4.095987023587364,-2.7887817379765982,-0.4483160163697788,-1.7245676519558837,3.74442516990657,-2.3515043298993286,1.1363111827422192,-1.655887080587442,1.785987215268974,-1.8450296278629632,-1.678148107929349,0.4978207761232655,-3.2044799909566484,0.5211065470275142,-0.8938477532491519,1.0461581195545973,-2.219274828802838,-0.06428551970297838,-0.8036763654112807,0.46391093366289865,-0.23341088525695503,-2.4140104529823843,0.11395148139075593,-1.9919490846666936,2.3289171302879574,-0.728498829235276,0.13158408976187158,0.12889410905025206,0.16150710093744536,1.2654836371409917
Togo,4.444234359444106,1.1134506083776565,5.474070061488643,0.37908084662356206,0.5293819189657458,1.91521678960101,-2.034101842098286,-0.20503367345298953,1.9377781724879655,0.8818839922082741,0.0015844791317472708,1.615797887399738,0.2071105549954413,-0.16788990239956703,0.09484984130823568,1.7686837656163141,-0.746832798763386,0.4824981062928415,1.2664231027990613,-0.6606256011083684,0.6397158183138499,0.12087300194066776,0.865306618709378,0.3448880371246291,-0.7288085008650153,0.9732900017399124,0.23925939958029777,0.6371335190204905,-0.846745545393029,1.810313623033467
Trinidad and Tobago,-3.278456022931007,-2.1411122576899757,-1.1734996540519225,-1.3625906721537229,1.2802509346983755,-0.5843331474820175,-0.46021862084644316,-2.043123831063825,0.5161196986054212,-0.3363389476204125,-0.1864930183468987,-0.9410871317635223,1.0996885949134974,-1.6025696048308111,1.8716367374481837,0.2801303956473929,-0.648228062871047,0.3410776655295271,-0.18264805222975455,-2.0299233506574055,1.2339126339414628,-0.7721285577811959,-1.2297442326178116,-0.2886527358785338,0.18574996587585424,-0.9268575986457419,-0.7531550481165189,0.5583210131862879,0.2128909876797423,-0.7789546492473257
Tunisia,0.999967388532904,-2.674803907209758,-2.1367816920888916,1.1745734262224479,-5.614644119453969,-1.4098532244003938,-0.3989218148641068,2.416622636500922,1.1283120811424732,-1.290460982515111,1.0355226153642463,0.5653010881834225,1.527839412646247,-0.2456352419671867,-0.3353452038005093,-0.4640639930021012,0.5889400679657516,-0.6201662729599574,1.0104032999836017,-0.5948105474555025,-0.637480137336462,0.39923612974165995,0.9255759927755739,-1.623292820690507,-0.2450790121685,0.6530637108414569,0.7356786419776068,0.12871023376109672,1.1961814489582758,0.5858069067908558
Turkey,-1.5893945118660338,6.190726468271822,-1.9272523356012212,0.5277424766081223,-2.191052310464083,-0.7029932404177425,-2.6094801746926963,1.545770310798495,-0.5776721726567376,-1.3472382648834291,0.32418985017744223,-2.0371471785719275,0.13407614893527553,0.8645133172501009,0.4000584396538016,-0.7126495178402574,-0.4741965784655455,0.049966499710302814,-1.3847329766237362,1.068130477164779,-0.960481709751111,-0.35762757148005786,-1.065688524985502,-0.1965432403652271,-0.5162886456302621,-2.0664759003541717,-0.76352364955883,-1.1786087179462965,-0.7248638464853792,0.6707253620482807
Uganda,5.484828776205861,-0.2849142345396375,0.9957539930404917,2.217297338401792,1.199816224388151,-0.8472245423794474,-1.3210798113235007,1.2173911213784745,-0.02903173615304354,-0.7142223196653685,-0.9858121189054525,-0.18196283406677213,1.4736195343850114,0.9363794616306713,0.07637941104125905,0.09387144092585167,1.24667938465124,-0.8586978879882684,0.7983540734911526,1.3021348044952306,0.1973331443300816,-0.155501279761681,0.19848773603595282,0.36343818556492175,-0.7730392237193926,0.5525690595282422,0.23606470754194545,0.3997697713588597,-0.025023293223660266,-0.2897427191529403
Ukraine,-0.7811593163919666,0.07780599192821194,-0.8865877757447443,1.1178922106526992,-1.3713135846781723,-1.8704051829042116,0.08509992784563604,-2.3848497321346036,-1.701143244633088,0.696161666785239,-0.8596339165345429,0.023452903345194523,1.2902313329260524,-0.24088052629442472,-1.15423302141718,0.8432404235320886,1.079058700425505,-0.44842298008212184,0.5259395876281306,0.7974479907274236,-0.7739503530677722,0.31737223575888884,0.5207817985964343,-0.9281069639413282,-0.5835128213130512,-0.05828464052680687,-0.3531240368075287,-0.7216919436788938,-0.053653303022542974,0.2662778187131559
Uzbekistan,2.5347521549003,6.606540927980763,0.6000637134091279,-0.9669407980503185,-1.5457894744585157,1.7452079453859297,3.874596809803223,0.4040327788838705,0.5797534409440066,3.3995427403432315,-3.2569213727183954,0.9637370261028813,0.15571784461257313,1.4701964901792413,-0.25666219866760465,0.730102535885457,-1.5916996766289688,0.656797242919889,0.4508160937561272,0.24190918684607174,-0.1865497161344473,-0.05084413613559653,-0.4691308885018161,-1.0484755328082234,-1.8457412725572362,1.1976974013401667,-0.6244754402341343,0.07821197462007816,0.1437738562029097,1.3262629035353777
Vietnam,1.905665235416758,4.384498056292453,-2.49452068962774,2.04025325845955,0.8390087465289422,-0.6901802731286398,-0.10478062162642465,-2.181358257126062,-1.834321945320803,2.6781151416085733,3.536818680257618,1.0430874409287938,-0.04648922137405441,1.129063842930201,-1.291949716539235,0.9848869253237839,-0.20775774684938247,1.1215232675230262,0.0767755905292628,-0.017515583002143172,-0.3506865298390252,0.7581461997586127,0.32556972374317883,-0.9089516772553873,0.030963964440793926,-0.6377236909207951,0.12105768698036112,1.1292527633339648,-1.3082032927815106,-0.3192123272769596
Zambia,6.221031999543499,-1.0194473890850437,1.0068999422865081,1.294226053445812,0.7797819489116509,-0.18606894169280733,-0.4616563905860665,1.2810526003664218,0.13458451450788117,0.05150805854057641,-0.6519185897238938,-0.7616171739569196,0.34579303093731495,1.096851076215297,1.1827961776482754,0.6259480062452975,0.3456185143760476,0.06000845655463089,-0.7727435748596145,0.6505745418939674,0.8249118990207224,1.1031606239043565,-1.6664358939992157,-0.8797864075436268,-0.4648065141249932,-0.6933888741464939,-1.386049496006282,1.7183225578753432,-0.029074858466893422,0.16854327171930095
Zimbabwe,5.885722410693552,-0.9705480095222145,0.8566993059200919,2.302088214101953,-0.12422083528805691,-0.7235532795555685,0.43262619722293544,1.8970639440437653,-0.9351985045720211,1.1455063053154133,-1.4861118790890777,-0.5145829355765661,-0.8332973287303685,-1.46038774561156,1.5454404067934118,0.5407735500551726,0.5189617131240641,-0.5748199538407726,-0.6807108547568917,-0.9928664732821897,0.1617344721350497,0.16726805794993016,-0.04164648339778905,0.8463569266770983,-1.1665984510423615,-0.219336966528867,-0.39480426534578084,0.34252080793734935,-0.4806336124272967,0.6983884113929979
Venezuela,2.7977252985317116,3.691484225083084,-1.575988123540673,2.348124340136481,0.2385501019513014,-0.4718377492204258,1.0797746403221067,-0.43991115492337024,0.3760964905958995,-0.4618771617184249,-2.755629439761984,-2.033491831177233,0.06332331242941307,0.8369374832354891,0.32668008831638157,-0.5156083394363752,0.753325545768532,0.47403404311156827,0.5451361553905761,-1.0241715721812077,0.6392225821461179,0.7100605704890581,-0.20715008681412864,1.0569162506358025,0.29759469835922747,-0.43915476627249844,0.37336365982298364,-1.3317445351244797,-0.3569600125927183,0.8805015912466455
Yemen,8.174203795352337,4.450312470157924,3.6314928708340672,0.10660622737313699,-1.6992272161964523,0.6875545872831942,2.0777278327281894,-0.702548036441365,1.6170899735808064,-1.9111064302810996,-0.700043452189105,-0.9316678480453603,-3.3518122370234114,0.301717989576626,-4.592805981608739,-1.262303533894401,-0.91632457781241206,3.119783639778602,-0.8370965094939673,-1.4818986234458162,-1.7011544043617766,0.5493577037257988,-0.5476776767480674,0.3511774340912907,0.24977733864727852,-0.9102324879422383,-0.03186180940848063,-0.3934570188437501,-0.4777685677672905,-1.443477499589643
Chile,-4.434534138437264,-1.8676203739527326,-0.1248477181467615,0.6584401286465061,-1.3027901945508156,-0.8674961533065383,-1.2317118629759567,-0.12510578249421123,0.10812986651315803,-0.07708707148766886,0.6171114144219246,1.3794173691600111,0.9147723132964529,0.2632636126602371,-0.6176895305369468,0.6919642309229208,1.2159640225915576,0.12367202371681355,-0.12352500911623687,-0.9185118134183633,0.12668865288251427,0.22431344832286298,1.1209920790283139,-0.36931184098531245,-0.5541545009132219,-0.4038224811802434,-0.37105073890447765,0.26887110516954377,0.9081812117591896,-0.4971968606935504
Panama,-1.1306644221599276,-3.7271019239816168,-0.6316701314037281,0.1619675168569094,-2.292813346941845,-1.3498412887232183,0.2968727058541915,-0.8060116092447352,0.9085997021963824,0.4312724794911417,-0.014096445689879488,0.7698026744489964,-0.5847143469600372,0.04483794291497571,0.07480279456508072,-0.95561146633216,-0.5356033908758439,0.08653952597137973,-0.05181954077472617,-1.6641438094564147,0.2798708857866641,-0.17802305444512903,-0.0669842411488894,-0.6261425786830568,0.8719241587540647,-0.1961509993890765,0.9674619315211461,0.31007974513349185,0.6936934375660396,-0.9251023198500724
Russia,-3.1256936611939916,4.736448837450905,-0.6605205213224635,2.583954099488251,-0.4289019742211325,0.49210487241713313,0.15685770772324015,-1.1809653616994031,-1.2018652536894312,-0.2524107895359181,-0.7563222020056939,-0.5120955293688711,2.3258059184402247,0.13169990412876081,-1.5242456593819278,0.617184735148668,1.9343055449954132,-0.2104058685538826,-0.33942952856052755,0.22335425368881096,1.0286859595281783,1.210748145920214,0.633022456741276,-1.5845973952667096,0.7213088186621062,0.22611239486385828,1.1740052481569982,0.2868081723389088,0.02777651158630582,0.1179962607666663
Uruguay,-4.675658614622628,-1.1321398730707226,-0.09320830532713213,1.6730358756722683,-0.541022935147409,1.6482420728653693,0.6401147886893221,1.1297475632200176,-0.982499134471337,0.5120311544410807,0.6872723635741482,1.4586917596910194,-0.7891657003783482,-2.205488960871176,0.9549294644773424,-0.0029123523369863104,0.49174178177402045,0.5615234200276703,-0.16734272595241706,-1.3038835338529036,-0.7902362602458123,0.5729732394031917,-0.15566217943850963,0.4515790911287722,0.8744322983700686,-0.30506320578931034,-0.5495761113120933,0.09704558031294924,0.6752712915067265,1.2079279654811452
Armenia,-1.6604885972167738,-2.099340511704187,-1.2360649850920038,0.708731406036164,1.3851201187324707,0.277700063108297,-1.5306471636005827,-0.6812388423427942,1.6040581226719635,1.865269168462653,1.129569077105759,0.17598847809571508,0.15351318907967793,-0.1655700807867308,0.4420906614679551,-1.0578760603426263,0.1487002800448095,1.4990514286031646,-0.007990020598608793,-0.23412441968071565,-0.971939742394737,0.39219701360759435,0.7126354899588282,-0.2313501880969988,1.6768112737511747,-0.188229088978832,-0.39761272222977434,1.2234474755386726,-1.2668049838696467,-0.3219626157290555
Australia,-10.089950245335407,0.3277150391261211,1.1511351569641877,-0.9373599275700215,1.1499994888836835,0.5101619148598998,-1.2322883547402759,0.3030337140808453,-1.5011638042897606,0.21517711658092786,-0.09765890450906264,0.48034470110843114,-1.2204097093735555,-1.483994140633473,-0.46317518108746036,-0.5439847259576066,-0.7059246355623863,-0.7634219591696061,-0.18651427978544274,0.1491986344035058,0.5368633615283289,0.27367919975907606,0.5030908818513018,0.4835780719965233,0.3441751999202818,-0.6073634272717503,-0.44672677852906073,-0.31762186099023254,0.8422973645555748,-0.5859603901783931
Azerbaijan,3.2491546457978884,4.853738746264226,-0.887901606432345,2.9627058270823716,-3.465356334568714,0.34075628516305384,1.26315529275987,-0.9706997546441507,-1.0768332165931251,0.3144112079906482,-0.8531321326332161,2.0395863751549204,0.014073170309126139,0.03434648164261226,2.18068595584413,-2.0831470390987916,-0.3466041857674626,-0.3114535055975398,0.5779927647869483,-1.1780368234328122,-0.1309645259374141,-1.563488341986014,0.6159886587583485,-1.1735989425589413,-0.6690605074408824,-0.048230061376398126,-1.5664327970367042,0.528179008449921,-1.005483103214803,-0.30137120290204844
Bahrain,-0.3681258780887513,7.673537935886109,0.3275616434462471,1.1391977362855885,-0.07094940436935143,-0.3841018415053053,0.07312148135435839,-1.920684453909201,1.5447062622122174,0.5669276939651737,-0.2966047822334265,-0.7752237555316834,0.0052775274968067075,-0.16881475333056875,1.0260154190643658,-1.0561585555062971,-1.5542320956455948,-0.46220342484611765,0.7883003943219756,-0.39106489569277136,1.3855248756977832,-0.705740335775768,0.022932705318074113,2.079325815491193,-0.17969783256450314,-0.4930721741004542,-0.7540598666402106,1.6361426144888873,-0.31364294320938657,0.6692994299508725
Belarus,-2.208067003801811,3.530457059980766,1.6100906359840659,-0.2788697250823875,-2.194617450437506,-0.4895057739036712,2.971729482611948,-2.7738368509791687,1.1955312600149595,1.3735632732463987,1.5931622858812386,1.48305113224259,-0.6583816170215011,1.721172476138178,1.6270495389104336,0.2688976535141977,1.941621834635642,0.8401729561774516,-0.6433512900863579,0.9642245187268392,0.6251668346523314,1.0575745420659484,0.1495132072546554,1.3710912252689247,-0.42162458354570087,1.7119314100395353,-1.669018009334489,-0.5254613854074591,0.7605493766014669,-0.8696028063337796
Canada,-9.649629045437782,-0.012105843983916897,2.478625650416829,1.2177007600270895,1.3260601893779467,1.6563298518424632,-1.1835164525557915,-0.09886264202562174,-1.947705082400519,0.9751813519565383,-0.6451452999086517,-0.013615789743586487,1.5652239939937167,-0.0810080433296152,-3.5928870459991935e-4,-2.3521680292734026,0.6015396909755693,-0.38062072389073603,-0.7860174981666955,0.7866613037447763,-0.5196711011309567,1.050686258528865,-0.8008518875614663,0.22088002480446092,2.3166230079037113,-0.6192398413715519,-0.5672508982855218,-0.38986731605865554,-0.4072217758635423,0.46658547957361074
Estonia,-9.925225236748876,-0.17018143800335167,1.7208753396940324,0.3694661331270648,-0.1107263290827451,0.1679338830235308,-0.15878567918181946,1.9324630622550374,0.8597079600010411,-0.5399770444206777,0.0076031190570254575,-0.5092697394284056,-0.7350728189227105,0.046041258656254594,-0.9193519928938196,1.1834693771059865,0.727790208496264,-0.08944029323052918,-0.7826933392656497,-0.6393274044914836,0.8892392195621069,0.06992091632992965,1.824020931214048,-0.9609672493992382,-0.549151266830677,1.3961652019897004,0.2073112945293832,0.6300652885629707,-0.13329137169847513,0.04868102862583841
France,-8.089016064984214,0.2878119871478726,0.9619170631211038,0.33430288500221583,-0.3689513240041759,1.7780931743711947,-0.19585311532457644,0.45090678714895877,-0.8405205206896382,-0.38931431227927216,-0.6316551646238597,0.9918909370429984,1.2002226435503587,-0.5177333924731218,-0.4708838545626745,-1.3238055098760677,1.1120413984103124,-0.32279638777258884,0.5573844240861487,0.5038596934583998,-0.8811943516395201,-0.3036710505661087,-0.81330323885926,-0.055550050702029424,0.13374772553958242,0.9782194803648788,0.1119031385523749,-0.4848594418291914,0.552215853457549,0.3057815225899015
Germany,-9.163235537950198,0.718828200749003,1.626375452778535,-0.21989712366270125,1.1493811009744475,0.3908772561056902,0.16723648734313812,1.1551029765274832,-0.7030566446036878,-0.04873081937842247,-0.7563760269608878,-0.611129305761458,0.2709354596202013,-1.040884788973764,-1.1005572954954244,0.3322575235951239,-0.41423642291293417,0.29322120899111986,-0.1455677924176637,-0.664260580363775,-0.3289315654838242,-0.07233241047850753,-1.6425940893335191,0.37893358882258993,-0.16140004547029685,0.13393960241244413,-0.04405731619757093,-0.3194855843829692,0.5359558920112696,-0.4460925935598007
Hungary,-5.554686734410834,-1.3195129242903414,-1.3447337474167418,-0.17770513045867903,-2.361738170551671,-0.8500352462540817,0.03147438488852596,1.3329781603087134,-1.2762452512296647,-0.2084556306097856,0.3667407843587919,-0.14723067869089268,1.2757981596941252,0.4415472337336021,-0.5160987759382187,-0.5034170788472743,1.5008142266424103,-0.7642042828459318,-0.8403576745869541,0.27895024620579695,-0.13381417508218799,-0.7417144072311128,1.0809869292038654,0.016211162215847827,-1.3232714510626242,-0.1426645046734114,0.12045515936971003,-1.12832385388657,-0.554147442463836,-0.536591422312406
Italy,-6.227710179411112,-1.3639496821699864,-0.3681424940729319,0.18760971231832085,-0.12798030130858679,0.26351613748311137,0.08479639455269267,0.025137539446050884,0.5772507925830481,-2.8584400047965968,-1.642246203871388,-0.32109294146185524,0.9248381506750575,-0.15823134467244912,1.9334835822278111,0.032138217305215135,-1.4257687915398507,0.5138392956008283,-0.7822382474306225,-0.8343707380862153,-0.8952829370921535,0.005682142498046744,-0.711180434104739,0.8736265559048778,0.07632784335295696,-1.056011461771453,0.8070127024159193,-0.32015028737287965,-0.04008673596107632,0.07530523038726124
Japan,-8.9440331041014,0.00802177613282426,1.6631058491903359,0.16361623405410525,0.3382714862318479,1.9345664130102433,0.659221837778199,1.113483161001954,-0.8780651080316652,0.8870897908535621,-0.6659793650773557,0.8048924041900971,0.37113705269736874,-1.307981924712478,-1.220760828108915,0.21941051459414984,-0.21536980253421542,0.2197025518906997,-0.9192771570200315,0.7206478711073906,-0.20653523229417278,1.0988198970768117,-1.0083075744941075,0.9440753601382389,0.6826469910270191,0.8269100595043429,0.8607224361897976,0.15099143699560438,-0.05112449691787606,-0.8259926432930527
Saudi Arabia,-0.45222390685291924,8.852185053687128,-1.588250867671606,0.29137284055924845,-1.49574838543442,0.4546709916951421,-0.8320844972363226,0.755092062758453,1.1923611734871977,-0.6191652292365228,-0.4346433721400106,-0.8540351965678517,1.5997252735429293,-0.6087921273194903,-0.26786777629155156,0.155992614121775,-1.5926526532791274,-0.3680181628955085,-0.3061370296548027,0.07193564633927373,2.0122560127907287,-0.26984643884355763,-0.12443881195862039,1.0020254237023352,1.0422721015213006,-0.3613947190808577,0.81945877619842,0.6916753996760859,0.10392927021259032,-1.1500792927401253
Singapore,-9.258240553416973,6.78528963797836,0.5117690138201636,-1.17173811559302,1.469332246811472,-0.026384101138312785,-1.4095624773370312,1.5305307989748187,1.4475854565100001,-1.1513564710374817,-0.33032586287972016,2.5720775566976637,-1.9021635755100161,2.840558647693135,-0.8404929278750782,0.5071660971451079,0.9789264606756065,1.1737681218015639,-2.172917314596306,0.4591942336331182,1.559547152794304,-0.008590776347251708,-1.0587728960329066,-2.7457379736471292,-1.2291242972028504,-2.217752871091453,1.4729682772053003,1.0688150799155416,1.4281796900045873,0.5968462700244298
South Korea,-8.460055481918815,0.4660117754566585,1.8155168850654786,1.112138401863507,-0.4787423794609806,1.8921381107875912,-0.724243442965452,0.2184878862597698,-0.5692847672717374,-1.4223525725201593,0.2332521663656588,1.6613432298247377,-1.7282650596172833,0.3599952130415233,0.15637984362044866,-1.50557454465512,-0.24007901012361194,-0.883294827724205,-1.1572006861532587,1.172545264052394,-0.5045368292230717,0.774230798189852,0.20454518160107696,1.6404675743579964,-0.4299391780720951,-0.4542559919049233,-0.3163252594641137,0.007127553723357598,-0.657343350257838,0.6429155364621904
Syria,3.5653497242260928,6.6027023823077435,0.325409616396384,-4.11473743323722,2.2623275011054105,-1.0260091792093458,2.672047510995347,3.3898459947645128,-1.584326283121822,-1.0323234204856768,-2.734293216187207,1.717648065685227,-0.16656587393734343,-2.1204556187227594,-0.1714291914565343,-0.16070061797118135,2.911069430724818,0.0701812459616471,2.0408334704793885,-1.920836330373775,-0.36230001116940197,1.907368546181321,0.7164377692439702,1.0362544175874036,1.7609293316927142,-1.2663039291660063,1.5867143849413854,1.9902545654675734,-0.5195316572145959,0.007982068790042094
United Arab Emirates,-4.1606474837758665,7.16147296079661,-0.41857783402018844,0.8256851220528354,-2.930397882159038,0.9553649252268498,-0.5784103799137972,1.2240651843295345,0.05905612565351541,-1.96678270350837,1.6358038394709657,-1.0586209803837243,-0.55812941433462,-0.828032954135486,-0.4445085384077293,1.4926787289818355,-0.9600903917654073,-1.294225723360508,1.3529103682600674,0.01847545271532717,0.6020266798558611,-1.0437616572942743,-0.04778661723925966,0.7147148122348043,0.1688476566194502,-0.9789438791227087,0.7241814320833473,0.8025521219351255,0.7109873005309906,-1.5959743735174476
United Kingdom,-9.110459121052326,1.1962462091841393,2.0224114817904115,1.4295020824420732,-0.32684205814546075,0.7775986591210176,-0.3257076893206426,-0.5856911775598029,-0.16666136935877593,-0.666590655688956,-0.3027770370192464,0.22781596738829477,1.3565276721731208,-0.4539184982680895,0.05838007675146424,-1.0676102256073303,0.5222437034163863,-0.14633724185291333,1.0559775725710767,0.49183706969046453,0.43015890412344876,-0.3367557947172439,-1.002195900199764,-0.05119788119097608,-0.08198525405242421,-0.5227065058739206,-0.2832912574229939,0.19646199331732916,-0.34948134901090766,-0.1174446097354099
United States of America,-8.021706249227966,0.998276075697919,1.8422145058595414,1.2863153229820787,-0.6833882933387297,0.7058814535886129,-1.5222339847612505,-0.5775096319968804,-1.2179500709255628,1.5050753582037206,-1.4215102448599193,2.0023772642679405,2.0021235796446817,-2.149284673032377,-0.9540422532436539,-0.8100418091472757,1.1134945688459892,-0.13575965524246736,1.2280907302875734,0.4433672498535126,0.7117123347366662,0.668768130618961,-1.117087366969874,-1.3734015894113678,0.44322922411604937,-0.5527484829743544,-0.6990005516364848,-0.24122478279911055,0.5768146295967417,0.1188547433041865
Albania,0.08051927665233193,-2.3075823527021266,-1.8448345721022918,1.5316572608456087,-2.677785478331388,-1.6496534602170805,-0.4310331559924875,0.97986452456269435,-1.1257850672605885,0.7784170193848263,1.5935815740408745,0.1521296717818271,-1.0805825315243671,1.4662838581804147,0.7355389497308301,-0.28204984240884623,-0.13842511669823862,0.06627174761500519,0.16222341011103875,0.383514539037508,0.0548602752345871,0.1811263797443918,-0.7032908334496122,-0.5937984115176771,0.7428788455544305,-0.05279310672873449,0.21342919228418478,0.0360890116107905,-1.2425292899771048,1.1433257810808042
Austria,-8.979404035737886,0.01986106431135949,0.9914227283950446,-0.1875891203995333,1.3760982857097812,1.2296529564022274,0.38140906534634633,-0.00844415621722468,-0.6644048589745595,0.25450987181888374,-0.406600130522747,0.0488268644088615,0.1640813193971742,-1.5758155641374705,-1.1419156983718326,0.35072421233206874,-0.20038119148203,0.31250777955726067,-0.6936485636325992,0.2733392042856575,-0.6870806776700703,0.9262097780540036,0.41467263768102514,-0.46703472450067335,-0.24976730900147023,0.3434686528020389,-0.01576614458418904,0.3697916497498145,-0.12353586346661258,0.5260453545160041
Belgium,-9.434595057449764,-0.5188427248503837,1.0393580678992187,-0.7487771092478394,1.5402760597243406,0.8089886135167471,-0.9239435927546041,0.8595632140888751,-0.655603689851441,0.40727502403236093,-0.16326751095196462,-0.52636145599627,-0.5229510390184989,1.022226153125939,0.6185835507015301,-0.5207359056944781,-0.6230050790459485,-0.38261683534910834,-0.34599032635752625,-0.2265652660568672,-0.4395311079411682,-0.667508183646501,0.12643886314262368,0.02347175613968439,0.6270217579154801,0.08050172204573,-0.3294232978694131,-0.40657400293160095,0.11286384433097835,0.07737556904845677
Bosnia and Herzegovina,0.35400633020072403,-3.3106808758181887,-2.7667537233920143,-1.5197373623192387,1.1135299501498643,1.2235729256135779,2.3319433111276147,-1.435053632103653,0.5581899773439867,1.2565222846790136,0.23351301835284227,-0.1728766093103441,-0.580928080844685,0.3404941569347547,-0.7557033062852493,-1.0043039689646136,0.5090166210829606,0.9275397418046204,-0.8241013198841863,0.24439440180342137,0.7121803720042484,0.37880541470039014,0.5800753812623984,1.465119866829371,-0.10849996162119273,-0.1419793376004496,0.18714164510418765,0.10334794407976731,-0.40364723536375624,-0.3627911695607759
Bulgaria,-3.4148242295045463,-3.046920323001127,-2.174200522933111,-0.7025859550965244,-2.2569014874582964,-0.028613119569259327,1.6271493378214508,-1.0632268761646106,-0.9238908060926643,0.39530750912688056,0.5586152479868932,0.4591201444707901,-0.7447244468127429,2.0312550443850172,0.03190638350044505,-0.4368247162075487,0.936822420269071,-0.7639152796746895,1.1700681487257694,0.7312863128220898,0.30816978970567305,-0.2802749507830529,1.426660449267579,-0.15224687002326218,0.9209929874448124,0.18227354039307272,0.19664473329722398,0.1158054165218348,-0.8257925384089858,0.15757430343424614
Croatia,-5.331151143339252,-0.7766480400413847,-2.8550667158174687,-2.5324062214669287,0.7185137813585513,1.7098998557925966,3.182778356595506,-0.2536287154115919,-0.8813085286364667,1.3868067947007063,-0.788579760566085,-0.7583725827961719,0.021156859124014864,-0.28662081544451623,-1.0031475774972656,-0.1468081047733161,0.14767097856028444,0.6346954245667618,-0.275284490178371,1.3506024406486656,-1.0669054490171122,0.5703304216045707,-0.1979015019674589,0.04783208512108022,-0.7904007073755097,-0.18790805027905594,-0.5871165064255556,-0.09053418542008387,-0.21053982607056604,0.08222811688617676
Cyprus,-6.027917455544036,-1.9970569326102365,-0.14622902657544815,-0.01613090997836355,0.3656979868947818,-0.6626699289315884,0.24438700354094056,0.7360548027740589,-0.8472395409045466,-0.2575340425108883,-1.0345325762755067,-1.3390036655342172,0.3930505006005755,1.2026266970589226,-0.13336984245092276,1.1426208122164676,-0.4035770501882351,0.5468022823168291,0.27608803993931424,-1.1509728248306543,-0.7877592604041821,-0.17615292578331376,0.14966961491267863,-0.6418579110742627,0.1610951512039027,1.8769236688917335,0.14085955138703288,-0.07738670162829149,0.9943969166588705,0.7089400308818193
Czechia,-5.934672609625191,-2.8731462598742152,-1.7214443412789726,-2.6241161240357473,-1.684304689133343,0.31738311796008833,1.3627700525345126,0.21122305428550395,-0.9170768534839201,-0.3151138320888463,1.1251910488811478,0.07012333316444275,0.8795504763895959,0.5153350441026068,-0.1758275138088649,0.9116842700850946,0.16230153740965805,0.2598912789181662,0.29586904961608285,1.2860562112726892,0.6864236491635816,-0.9951200073999167,-0.04224472775003981,0.6233308457028618,-0.4728930406954242,-0.5720914748328366,-0.4059643676751502,-0.5918681348929181,-1.0739240661423886,0.0074927554098998105
Denmark,-10.352454874313167,0.020814385575845376,2.4615331332969403,0.31262455474254713,0.6206377986951408,1.3286508161302844,-1.4485421928353959,0.5149087203211173,0.31685515597317315,0.37885087959910124,0.2578715789738843,-1.3820726831915244,-0.614578384368919,1.4614491587749099,0.7933400728789264,0.7623595767576746,-0.02667174739653061,0.5050907824902138,-0.6556621445002566,-1.0747448797274717,0.8388224501667988,-1.0405769517532872,1.0975326341064067,-0.10682002578180923,-0.3536877726250442,-0.22525617556415956,-0.5107344689677683,-0.06187974601666453,-1.4474918872665952,-0.28846372034550427
Finland,-10.212161242975643,-1.40541830719724,2.1200688015073634,-1.5393056174447024,-0.3734794814623309,-0.5937787527319511,-1.6103534689831442,0.5703709075076322,0.12170259335526945,-0.03822050336164137,-0.8337688131033509,0.1030568674229003,0.8542244097688649,-0.15438643845699024,-0.22252413778597271,1.6118924670733852,-0.725186745966815,0.16624369583170062,0.727522919080401,-0.7172273305689063,0.7466561352910072,-1.3358899729974925,0.7026040300331082,-0.7325237834130441,-0.46536825837351237,-1.0506494629724608,-0.4020112546122414,-0.8978217413329134,-0.04376360733340909,-1.0667389235871507
Greece,-5.2373578122398525,0.0777699989284052,-1.2267319863146138,0.7115414013185218,0.22962490503108374,1.142662987737054,1.7049561729173652,2.3167345644896016,-0.3398845217592218,-1.335372046597359,-1.1246546975692264,-1.6552946837181308,-1.6605131161735,-0.1526959312315219,1.400895405025624,0.3973966725567088,-0.28977579944363835,0.9219164826464963,-1.9699929493900377,-1.0683464072690982,-0.5231470297973129,0.33577079832566536,-1.2396180374177206,0.08242043777621338,-0.8574335160991796,1.3742035318780745,0.8523623182168482,0.07447668282731804,-0.06486701680703459,1.09861707452824
Hong Kong,-6.991211216628565,1.9772459229570942,2.606923390936485,-0.5320491322490652,-0.3170993270997625,-3.4597955015771173,2.6600340289327318,-3.657776873419681,3.031176319630167,-0.26981290764535015,3.4832880696999644,-0.6792811197414179,-1.2417963496560973,-1.0424523407195418,0.7665202678969488,-1.4883853202436161,2.0229042258817254,-1.0513616766545932,1.2598917257080346,0.7028194704237088,1.5012561581507964,-1.0304131225175208,-1.6999604794205958,0.12344905828319162,-0.7636989752732803,-0.5425388366741406,0.2128705755750478,1.0273748654497323,0.6636616759904206,0.3073786215401611
Iraq,4.72228577790085,0.21393313478405568,1.95416534409516,0.9495205726503686,-0.6515831891535195,-0.9562974403003439,0.6960843592954404,-1.7046733053115193,2.1428001400026617,-0.4552806166693594,-2.6470066044985088,2.140670827542267,0.6597981669952405,-2.7400065053616744,-1.944831232919898,-0.47414488504464436,-1.181629720596791,-1.1050125859116238,-2.310382775237166,0.5288320630279266,0.5662686809196412,-2.7289527358774994,0.7144733066304442,-0.23379830682823732,-0.5833422603262454,3.639906799689107,-0.8024882321010132,0.9945199719256025,-0.4228598762856042,-0.28839634739633185
Ireland,-7.805087428871613,-1.4911319153783185,0.47884780424283896,-0.5238754477887323,-0.7881844433992591,-0.12870165408274897,-0.40363096689768996,-2.035026216064064,-0.4133716293328754,-0.02892175440787903,-1.37962439378373,0.2698419151334252,1.9535600842163061,-0.4582028755644249,-0.7815331253079137,-0.21970648926093111,-0.3706172592115866,-0.18027853653779097,2.009269676469224,0.558098708993098,-0.05613533304449998,-0.9434727996515829,-0.3875174082208533,-1.3185871195571444,-0.8437344415861132,-0.492152791605965,-0.8844374651582065,0.18563292240697699,0.5932770135044602,-0.7216393935227281
Israel,-5.9132536108722755,0.5014366550438702,0.9690402071779218,2.8272199423398714,-2.129221626460702,1.268003325922202,-1.4822993949987384,-1.3344178443462331,0.975974037251193,-2.3884277967387897,-1.4855857841752091,1.9845682334545092,1.1448776624689725,0.009175265420885134,0.010626996458715069,-1.7801374668115373,1.2672809258423414,0.7924390659934534,0.8635219253142712,-0.14512486139773026,-0.4894437093212485,0.22383039297702745,0.9936843993416269,0.2534188663751587,-0.20697167090535573,-0.16968431780506382,-0.669965184832382,1.2327526219888305,-0.14783841496205052,0.3533105886771176
Kuwait,-1.2728189332548923,2.7334796397705574,-0.07663441409682464,3.623989382215032,-3.815491679703392,0.5866368118879962,1.6091229075217637,-0.7616244882905736,-1.3790170132573063,1.0863457731817194,2.1348276933986723,-2.4048327120239392,-1.156566935543105,-0.5074376705680526,0.9996361769568617,2.4786847602466473,-1.1037306753408342,-2.5512599509978764,0.3699802816415384,-1.0895000397004861,1.0736241758953027,1.7278148927285693,0.6954104034340124,1.5328610045397768,0.2963514608850529,-0.5594625975247958,-1.2854885737916053,-0.1339288014582463,1.1121939769447085,1.1662955871547036
Latvia,-6.723819157260386,-2.784412848747075,-0.3264266684172553,-0.7806578210538819,0.3250331224566587,-0.1016610452835623,0.5845213036534953,0.2629386658010923,0.031484315140177216,0.13367884907118524,-0.21109849222993468,-0.13157000932568935,0.22910786578612183,1.4190290719428855,-1.0324898165712382,0.23342753855860618,0.09903850417036748,-0.872438951353211,1.0680553203995802,1.1692991923387153,0.9046408461783187,-0.6577190833090649,1.2518552798110407,0.18844466952110006,0.32416222328481964,0.7775286826625258,0.8511000158792174,0.11562779420320327,-0.23634794056218958,-0.705892486032543
Lithuania,-7.243154120072857,-1.8735817553815044,-0.8519837562675002,-1.957299497227986,-0.9585062850682494,0.6321427629758476,0.17658839892573489,-0.043410789281545056,-0.3750621502031817,0.6677323664222184,0.9626788117124456,-1.4794603384362226,-0.21534325393186055,1.3960003074541798,0.2712545745040534,2.6172750269287235,-0.11029061998719075,0.9241991036532491,0.38315171205562404,0.6114889513702453,-1.0212111693361972,-1.0008601151036753,0.8856767512542063,-0.4347916193687644,-0.11853282460249051,0.02435150084917742,-0.3210174553025568,0.8862934890295425,-0.6326624951357555,0.09231502971864163
Luxembourg,-10.316083205068056,1.140073096919728,4.59134952094567,-0.9660871353172422,2.048083733010546,-0.9075048878485188,1.9237339571130356,-0.11647836581653656,2.486581863174138,-0.4013797788316723,3.97056483920768,-1.4035102767207206,-0.48700836091432775,-1.3163456792166843,1.614762274640982,-0.8347240391288007,1.8509538194614128,2.1034821872190967,1.3622663501813381,-0.8412086077575649,0.3385889091553119,0.7413431426058958,-0.025123094754432314,-0.6620012790544347,0.3782702453092502,1.5492293424159382,-0.16544794875929103,-1.3289469175536337,-0.05384107626918683,-0.15055761955874153
Macedonia,-3.088009159651456,-0.45810640131661673,-1.7240895238012293,-0.8902541780739108,-1.2457312421367428,-0.21462540358323487,1.715754337623385,1.671728284006554,-0.8737173304057432,-0.2198927710560602,-0.38493288314586505,-0.6076236614642692,-0.44469758047338304,0.3967164210967282,0.10262749939464587,0.7300559917748163,-1.1223736318827768,0.13748616062661284,0.012090889481641196,0.97038266974308,-0.3402854949863942,-0.29603096286783354,-1.3124684861681337,1.0494688432612658,-0.3969189418184247,-0.09137978969537594,-0.45117648640856634,-0.5534270022336377,0.1517221394298021,-0.21157170199133418
Malta,-6.543665965737621,-0.9199444117874073,2.6386233390410836,-1.1658702347912555,0.5723598727733684,-2.6045205126969995,0.820452616320753,-1.4423342935868564,1.2753453504500818,-0.8835235570064782,1.2287065517124336,-2.7613760847859194,-0.9194174567961302,0.14631461767994092,-1.1869391824891669,-0.7736139937236292,1.3394204324837033,-0.06862408415836438,0.6757945540087098,-0.7598026016459503,2.265000391628638,-1.1677688289071355,-2.5583287441900597,0.04396232506831961,-0.9752279335285235,0.9660651535334853,0.27597826174025125,0.7488057111561247,-1.1697857515972057,-0.2016135563529293
Mauritania,8.545425353240455,-1.2992396668314696,-0.44940822844726674,0.39227421593309275,-0.30339088220759114,2.0235069444686484,1.6035423293308297,1.2154469903744833,0.10496849191922888,0.05500393520360505,0.7576592457554856,-1.0625608963186444,-0.4653200652336634,-0.8485203487240631,-0.5544432354647649,0.43268977806854425,0.40851298713016054,0.1452322444900847,-0.1701924982475099,-1.2242595999213008,0.8934466687834611,0.028895985596395335,-0.6748823518148186,-0.7706954178635997,0.12344344433765891,-1.8505540504433684,0.293221846671157,-0.1864387624004368,0.6759491393393887,-1.272630476673634
Moldova,-2.0926587943873174,-1.7946864449886362,-1.1071110366383827,0.8416436535760864,-0.7510514008662925,-1.382649085046767,-0.019446133841468732,0.02410378942994502,-1.08051382650402,1.936963877942226,-0.16982241720356497,0.75320388520735,1.0237874770475293,0.33477593966933394,0.7402095842568468,0.37656466719839005,0.37439228240619865,1.3860790775976628,-0.6432160582898084,0.22583511671116338,0.3994079288783494,0.8162485613308051,-0.6402518916800304,-0.8032599047966047,-0.014962464956341195,0.17007459743124828,-0.7349379844251087,0.2036793676564571,-1.2144836602312559,1.078410596814919
Montenegro,-4.552648183347621,-1.3299115257643643,-2.4728155038164146,-2.1097097261896143,0.47787613006778246,0.4581298074355891,1.7181660406859742,-0.8390581521326601,-0.5529060174026178,0.36235098235481067,0.6265370383339174,-0.24376843085346686,-0.8827298402537311,-0.38222796071422516,-0.2549754310265853,0.8041501766841582,-0.08248466024175617,-0.37418913418072736,0.13974997620799268,0.5013321300327493,0.10521959685704718,-0.17990755992399327,-0.23225598450620952,-0.25439197493007903,0.29314643960159753,0.18839818515533993,0.7204240065578278,0.7192147566326305,0.41318868280761,0.09366217090760608
Netherlands,-10.03566473271951,-0.7036148071539925,2.0245710796101104,-0.06832229060223495,0.11348342284100327,-0.027242017974983046,-1.1354169194129518,0.8680859515746461,0.20616500124316806,1.341224892475886,-0.7227961169239739,-0.5800552142507467,-0.7970555842623883,1.478674352839096,0.5770195424425735,-1.205107056270714,-1.008480782012468,-0.8281972107455227,-1.072482365625996,0.2912138463758349,-0.34137547210973085,-0.7812179523528107,0.1535663711346063,0.6545993119424638,0.41121146187804414,-0.05257977462780124,0.0768489515034822,-0.37772121841506406,-0.09289104631022911,-0.38064216587606664
New Zealand,-10.167377420585622,0.019218882009053043,1.6704358250416442,-0.6450441541589068,2.483463610285005,1.1942921651931704,-1.128881372837038,0.9458527806209257,-0.7948358273331113,-0.10381783565589,0.9046712046085125,0.4599882735657227,-1.479123134334994,-0.7317417925652745,-0.12696347333849878,-0.18551894014843934,-0.5418820724788352,-0.10930103042255675,-0.028355464577121292,-0.7639089142704846,0.17557415671239587,-0.608405916609957,-0.17288440580787717,0.35271811278046344,0.4927994924983174,-0.45479929735947794,-0.8768959511481205,-0.5655380962351755,0.6362612866277806,0.04069289142314381
Norway,-10.544491702617655,-0.9019252536852456,2.2534884695777726,-0.47652533044299816,0.8509163556608635,0.6281691207525127,-2.2104117923885394,0.3777819472708123,-0.6485926635008183,0.18378692440559702,0.10735758753897778,0.12920052922965639,-0.29091696940955036,0.9607833627288069,1.0378645686226116,-0.14406633983255998,-0.7980003192838534,-0.6440634638722926,0.4515096137008503,0.08725329783630818,-0.2511594935866277,-1.6710177406657005,0.6568956171404999,-0.0037819371720797645,0.12873438539205695,-1.2805038924070231,-0.6121093863941075,-0.9025730618855552,-0.44265292553437896,0.0703330506689202
Poland,-4.935222895434031,-1.3468314758659363,-1.4750537098819925,-0.5088466416203127,-0.019576285507268868,0.3413442766189855,1.2439097203908733,-0.6077330008833589,-0.3140981262329146,-1.1337718303062203,0.3161142272769293,-0.4154625968946664,1.0853003602993558,2.1403000982016707,0.43527128080235455,1.2883053490668361,-0.9033875740358114,0.36792130585966015,-0.12694324109836858,-0.1339878125004958,-0.3893835889148342,0.4184140875878172,0.6461922208098949,0.9731027586019556,0.5296655515660118,0.08177814053575785,0.03440663594708192,0.1848414333805444,0.4413714513491898,-0.21792893913263653
Portugal,-7.2674527993723945,-0.299605274230704,0.5691187735331329,1.1374102535003319,0.6225858820439828,1.3408231003150528,0.38109266366894395,1.4762963617215967,-0.4195768517974152,0.18840119422450347,-0.4577053585568254,-0.62813042353665,0.39076182328785214,-0.6457472294511672,-0.4498525855563715,-0.2582296784121459,0.6429179065592338,0.23384134835605258,-0.39564477191600506,-0.18055327680244654,-1.2801287048653989,0.8084097875171764,0.38538264255481514,0.24526595384857547,0.02773819967915981,1.2043385165847926,1.0231451469986492,0.18222637027160385,0.010274626544397154,0.8175472798264044
Romania,-3.632280509159319,-1.970275476146448,-1.9381285591502722,-0.11019831824474863,-0.9994851466981024,-0.20864004975199002,-0.06896641047991069,-0.1843819521698888,-1.5611251174686658,1.400493036685905,1.704416579166599,0.6139418025902684,-0.3140238447038938,0.12976330574475126,-1.3189510915160054,-0.4794635086172897,0.5025783359045685,-0.06884168631232589,-0.488178797472227,0.6445051984963671,1.2330818635567364,0.10467213651825989,0.17477355323147642,-1.0819212124028545,0.6376021139663589,0.08838108601863627,-0.21824633121153972,0.08008859012560729,0.1262027284594538,0.1829869804642688
Republic of Serbia,-2.753444813578506,-0.7273472777314808,-3.24829238826305,-0.6640150308220976,-0.5718389081334403,2.0387126028915805,3.3201249190931925,-0.8107125909870663,-1.2147757271886106,1.5276989910742145,-0.32384811416624215,-0.6758853519530872,-0.7285949953988727,-0.47785597804081414,0.23627119917532435,1.8210252111780754,-0.5264853141765635,0.9076565963451674,1.133187146741919,1.4334361820413826,-0.5596157611704918,-0.49880633182870143,-0.40941480377908973,1.1045346261881968,-1.5919210380475959,-0.1205275264137057,0.5660096142979899,0.2621014158092649,-0.6105638166417585,-0.4305687080981915
Slovakia,-5.3591203227775885,-3.303352126126699,-1.5086055334982145,-2.25023689903257,-0.7934079865320098,-0.4732013911927353,0.9608238154121342,-1.0766361074860469,-0.4642530729940704,-0.8632259527539071,0.4175117860996405,-0.23985920134544395,0.6241807624777553,2.1271131072591234,-0.02010650753296414,-0.2590876842200945,0.0011542656081551528,-1.1938343906022508,0.3027193619207708,1.0988321678866568,0.24909097894987403,-0.6475954268789975,-0.41238790713781054,0.934870525876512,0.8510585388956903,-0.3323958725292925,0.45079469886214496,-0.40413578375777925,0.05915296662696059,-0.7331055456306823
Slovenia,-7.321289757465231,-2.07131214210825,0.3960490585046332,-0.3739913617637107,1.1448721822462546,-0.9027545689230051,0.015310672432100651,-0.8021356272037198,-0.4514185762622012,0.47807005215286263,-0.9474811529118311,-0.9489812449639354,0.25013359182241457,0.7751005001058775,0.1597036811022747,0.09374690913283351,-0.6084886472043165,0.22554994933230182,-0.846954157488768,-0.5528569266123473,-1.6851243285433433,0.22140391434234283,0.16447832739920268,0.5267260051113848,-0.08447877142158544,-0.3434721903138046,0.42775249049624053,0.04136411164182187,-0.2573701147273806,-0.5798113894095706
Spain,-8.082144297516965,-0.4739142769544984,-0.08859030407285967,0.6621242409228613,1.0716326180207227,2.767063825233003,1.0114477691160306,1.4547490606448594,0.2848703531073156,-0.1407795614559455,-0.08103481469383757,-0.6053326653139901,-0.649767687534973,-0.523940931739567,0.29789950259991743,-0.681689592107164,0.4269930781005011,0.38239528426241076,-0.918653275908132,0.4429580094484051,-0.4178166127044022,0.392720978042566,0.8080319647244003,0.9882527681652006,-0.5651935400820064,0.02050846543979342,0.04229119976723013,-0.5145008089792216,-0.8099758649185993,0.23778974546101567
eSwatini,6.647322336731392,0.2705841894136767,0.07419862779321088,-1.0523024909572478,2.271805063509246,-0.0125733120279099,0.24484621698897963,-0.8504644158612387,-2.2755046711564564,-0.3140216512955636,0.8043416885035725,-1.972830730201527,-0.03038522685069752,1.7369642651945147,-0.5364965709492794,-1.4832911690598463,0.18091177484117751,0.8779374489241796,-0.8788786200614978,-0.5381916179641418,2.891997763570632,-0.48626235155981606,1.7576223271117306,-0.4073318728810439,0.4318786357472734,0.36689256645069657,-0.8526341174060897,0.8334699393038725,1.428164551708607,-0.3217945915816794
Sweden,-10.49123034884138,-1.6497368221778859,2.249778937537192,-0.6986513545287901,-0.20654092278717767,0.09981574279117997,-1.245471007175982,0.6476556691304861,-0.011732575185048666,-0.02128073143771078,-0.1996796021513236,0.01875830100281553,-0.026473797876626688,0.43089735904044213,-0.04216105938983887,-0.6288795711150494,-0.6208665718720084,-1.070926079866785,0.12704327180440014,0.337726751013062,0.5205545760223178,-0.19942536491466945,0.9826224503533649,-0.15839029583678377,0.6409124562881906,0.2437396303653599,1.1259057230248264,-0.19186375603557287,0.5303869444191085,-0.5232975312602216
Switzerland,-10.202483583678182,-0.15077478104765377,1.6749999337399721,-1.09689471888607,1.3529967458449097,0.6276495751633967,-0.4891729982501636,-0.03286208036414032,-0.38074453095216054,-0.7177786380687321,0.3952544738722307,0.37234345601576346,-0.6915794766777016,0.24255447030849392,0.26122187363562654,-1.3049112107636964,-1.7234501099341624,-0.46787811447469285,-0.3918124786645346,-0.4680506916612488,-1.678362350532344,-0.5834261843774452,0.011377322401456367,0.07570379892062093,1.2180130315146036,-0.49260085764294126,-0.2686452501372847,-0.3486774825674857,0.9196659691077912,0.7019568331764098
Maldives,5.366432257088344,0.25585154072490196,-0.9642560130360587,-3.6401979041720414,-2.549886924566998,2.816208057319396,-7.245330006826656,-3.542068720188599,-3.0507492883755334,-1.7434781210477086,-0.4773502599079724,-0.21259205240408288,-3.2350300887113512,-2.5932740433719865,1.9210967248366135,2.3390535827509655,1.717932741808424,0.2969105984978698,-0.6795331790943372,-0.5780083076542062,0.118892608886906,1.5565289337790744,-0.10282950962515056,-0.7705289536556016,0.054454099854252425,1.7492822596413429,-1.6137758312996615,-0.038034770213436445,-0.8697843245492659,-1.141691838975362
Djibouti,3.639525747652709,5.184150644666373,-0.8724188807167041,-7.6416411419193615,0.995222884283692,-1.6380155148225937,4.342418099778456,1.2731619913017451,-0.24973083547396435,-2.6295118142308125,1.905896496823536,-1.5969759752303214,2.3570980839652433,-2.608870660394819,-0.04323836754379534,0.37464821801919335,1.0152099050383363,-2.6650109276645995,-1.0648320439910055,0.7008392421779742,-1.4857452537439622,-0.04122346429071828,0.9370965649901175,0.2064074551028484,0.4683260797305232,-0.0070405409334940924,-0.036347956832762623,1.0787908124186112,-0.7081988019595522,1.5800851160526124
Kosovo,3.3856763377761308,-2.0606107720318465,-0.29495599435675285,-3.577399551242543,-0.43111502916118083,1.2616009968075947,-1.9498455123570946,0.1981237108699238,0.6780316392043526,-0.4342747937919736,-2.1495163008415,-2.243610999510352,-3.646752382642119,0.9209346287278852,1.6390017392662621,-1.1211354355184264,-1.0691968920532637,-3.26397303448688,2.8527178242372893,1.508498386742948,-0.523286099418764,2.8388434964686984,0.5797035103049889,-1.961655878301585,-3.0177139920180416,-0.0050117915939119915,0.7917646334113225,-0.869221493221544,-0.05934503243210698,-1.1056846188699663
West Bank and Gaza,4.528845253285998,0.4646813674360635,-3.916074415240626,-6.402439311255446,-1.538510770273898,2.5080265060821922,-2.8890454389452347,0.6494176961703361,1.4245013684850196,1.0165865771833267,-2.7156316284780355,-0.5218821579733732,-2.9369617090906086,-0.5926759228715325,1.0312577302839652,-2.167542260458423,0.11582069385457368,0.03185995439225672,0.1193160486652163,1.2416116757913702,2.475353552886823,1.9292272787547549,-0.5877173728923483,-0.4656133364643197,1.3333646031640882,0.7687906631377595,0.4537597493886026,0.5787216538983374,-0.8317423869802886,0.5479041156110347
Turkmenistan,4.379813653041978,8.308012700140905,1.8147942698680468,-6.410676911231708,-2.4629052818656776,3.499549061154104,0.898264649667022,-2.314914600950821,-2.3696236704414932,-0.7352651134663362,-0.024247336683717854,1.4774479063265313,0.6173933761162304,2.438354904481061,2.617138177941139,1.7569495378615183,3.152450539790991,-0.4656930189300961,-1.2502681543399765,-1.8758771064287594,-0.920024562276404,-2.567183239026449,-0.7541114766984667,-0.073794841207999,0.8410814989934134,1.3804947011585171,1.005897359521897,-0.539676471491134,-0.335336479309406,-0.9629138402535445
