ISO,Country/Group,1.1.1) Internet users / % of households,1.1.2) Fixed-line broadband subscribers / Per 100 inhabitants,1.1.3) Mobile subscribers / Per 100 inhabitants,1.1.4) Gender gap in internet access / % difference,1.1.5) Gender gap in mobile phone access / % difference,1.2.1) Average fixed broadband upload speed / Kbps,1.2.2) Average fixed broadband download speed / Kbps,1.2.3) Average fixed broadband latency / ms,1.2.4) Average mobile upload speed / Kbps,1.2.5) Average mobile download speed / Kbps,1.2.6) Average mobile latency / ms,1.2.7) Bandwidth capacity / Bit/s per Internet user,1.3.1) Network coverage (min. 2G) / % of population,1.3.2) Network coverage (min. 3G) / % of population,1.3.3) Network coverage (min. 4G) / % of population,"1.3.4) Government initiatives to make Wi-Fi available / Qualitative rating 0-2, 2=best","1.3.5) Private sector initiatives to make Wi-Fi available / Qualitative rating 0-2, 2=best",1.3.6) Internet exchange points / Number of IXPs per 10 million inhabitants,1.4.1) Urban electricity access / % of population,1.4.2) Rural electricity access / % of population,"2.1.1) Smartphone cost (handset) / Score of 0-100, 100=most affordable",2.1.2) Mobile phone cost (prepaid tariff) / % of monthly GNI per capita,2.1.3) Mobile phone cost (postpaid tariff) / % of monthly GNI per capita,2.1.4) Fixed-line monthly broadband cost / % of monthly GNI per capita,"2.2.1) Average revenue per user (ARPU, annualized) / USD","2.2.2) Wireless operators' market share / HHI score (0-10,000)","2.2.3) Broadband operators' market share / HHI score (0-10,000)","3.1.1) Availability of basic information in the local language / Qualitative rating 0-2, 2=best","3.1.2) Concentration of websites using country-level domains / Qualitative rating 0-3, 3=best","3.1.3) Availability of e-Government services in the local language / Qualitative rating 0-2, 2=best","3.2.1) e-Finance content / Qualitative rating 0-2, 2=best",3.2.2) Value of e-finance / %,"3.2.3) e-Health content / Qualitative rating 0-3, 3=best",3.2.4) Value of e-health / %,3.2.5) e-Entertainment usage / %,"3.2.6) e-Commerce content / Score of 0-100, 100=best",3.2.7) Value of e-Commerce / %,4.1.1) Level of literacy / % of population,4.1.2) Educational attainment / Years of schooling,"4.1.3) Support for digital literacy / Qualitative rating 0-3, 3=best","4.1.4) Level of web accessibility / Qualitative rating 0-4, 4=best","4.2.1) Privacy regulations / Qualitative rating 0-2, 2=best",4.2.2) Trust in online privacy / %,4.2.3) Trust in Government websites and apps / %,4.2.4) Trust in Non-government websites and apps / %,4.2.5) Trust in information from social media / %,4.2.6) e-Commerce safety / %,"4.3.1) National female e-inclusion policies / Qualitative rating 0-4, 4=best","4.3.1.1) Comprehensive female e-inclusion plan / Qualitative rating 0-2, 2=best","4.3.1.2) Female digital skills training plan / Qualitative rating 0-1, 1=best","4.3.1.3) Female STEM education plan / Qualitative rating 0-1, 1=best","4.3.2) Government e-inclusion strategy / Qualitative rating 0-2, 2=best","4.3.3) National broadband strategy / Qualitative rating 0-2, 2=best","4.3.4) Funding for broadband buildout / Qualitative rating 0-1, 1=best","4.3.5) Spectrum policy approach / Qualitative rating 0-2, 2=best","4.3.5.1) Technology-neutrality policy for spectrum use / Qualitative rating 0-1, 1=best","4.3.5.2) Unlicensed spectrum policy / Qualitative rating 0-1, 1=best","4.3.6) National digital identification system / Qualitative rating 0-2, 2=best",BG1) Nominal GDP / USD billions,BG2) Population / Millions,BG3) Urbanization rate / % of population,BG4) GNI per capita / US$ per person,"BG5) GINI coefficient / Score, 0-100; 0 is perfect equality; 100 is perfect inequality",BG6) Population under the poverty line / % of population,BG7) Total electricity access / % of population,BG8) Cable landing stations / Number of cable landing stations per 10 million inhabitants,BG9) Percentage of schools with Internet access / % of schools,"BG10) Global Peace Index / Score, 1-5; 1 = best","BG11) Democracy Index / Score, 0-10; 10 = best","BG12) Corruption Perceptions Index / Score, 0-100; 100 = best","BG13) EIU Business Environment Rankings / Score, 1-10, 10 = high","BG14) UN E-Government Development Index / Score, 0-1; 1 = best",BG15) Internet users (population) / Millions,BG16) Offline population / Millions,"BG17) Plan addressing female-driven innovation and women-owned businesses / Qualitative rating 0-1, 1=best",BG18) Internet access gender gap / Difference in percentage points,BG19) Mobile phone access gender gap / Difference in percentage points,BG20) Internet users (percent of population) / % of population,BG21) Male internet users / % of male population,BG22) Female internet users / % of female population,BG23) Male mobile phone subscribers / % of male population,BG24) Female mobile phone subscribers / % of female population,BG25) Total fixed line broadband subscribers / Number of subscriptions
DZ,Algeria,34.66748536,7.664688795,120.7057883,13.20754717,9.756097561,802.976346,2670.918191,58.94126179,4051.16786,4628.387499,67.42391735,31397.22651,98,90,30.49,2,0,0,100,96.86804009,84.12482569,3.276799843,2.041894549,4.369066458,65.3156,3474.73,9782.42,2,1,1,1,39.65517241,1,51.72413793,75.86206897,38,24.13793103,79.6084,7.8,1,0,2,39.65517241,50,36.20689655,36.20689655,58.82352941,2,2,0,0,1,1,1,1,1,0,2,170.49,41.32,71.935,3960,27.6,0.13,99.12467984,1.694094869,53,2.182,3.560830999,33,4.5,0.4227,7.937913,32.438041,0,-7,-8,42.94552688,60,53,90,82,3166907
AO,Angola,14.67,0.32540415,44.73497738,35.63218391,15.70346417,4817.972338,8653.828768,41.53393604,4989.958134,5992.195718,66.22867485,8484.281756,90,85,8,2,0,0.671591672,69,5.55336743,88.73208688,2.714931558,2.474448569,14.76922767,194.4,6270.08,5764.887368,2,1,1,2,48,2,48,82,29,36,71.16416,5,2,2,2,54,66,40,30,56.52173913,0,0,0,0,1,0,0,0,0,0,2,128.336,29.78,64.839,3330,42.7,9.6,43,1.343183345,16.74672,2.048,3.620774977,19,2.976494755,0.3376,5.951453,19.879505,0,-9.24,-8.2,13,11.8,8.7,69.84,61.64,96919
AR,Argentina,71.7575167,17.77735924,130,-5.405405405,-3.488372093,3418.941191,12825.59422,46.95087523,7331.597929,13361.51576,49.2486417,39406.90522,98,95,85,2,2,5.647165123,100,85.45630833,92.89123931,0.025502634,1.696978268,3.611483992,102.8582,3309.96,2225.78,2,2,2,2,38,3,56,86,45,36,98.08997,9.8,3,2,2,42,44,42,34,58.69565217,3,2,1,0,2,2,1,2,1,1,2,637.09,44.27,92.043,13040,42.4,0.3,98.8,2.258866049,55.51769,1.947,6.95996732,39,5.4,0.7335,30.359855,13.487422,0,4,3,70.96898082,70,74,83,86,7870222
AU,Australia,86.11467623,32.40416447,112.6886209,4.494382022,2.298850575,10666.15204,26509.62544,35.15384597,12524.5562,33570.01586,30.32111863,88659.77209,99.4,99.4,99,2,2,7.770643327,100,100,99.58412635,0.53721421,0.083260688,1.253499823,394.6365,3784.64,2727.66,2,2,2,2,48,3,58,80,92,36,100,13.2,3,2,2,56,36,26,16,68.75,4,2,1,1,2,2,1,2,1,1,0,1379.9,24.451,89.685,51360,34.7,0.3,100,10.22453069,100,1.435,9.091269841,77,8.1,0.9053,20.67949,3.62984,1,-4,-2,86.54472054,93,89,89,87,7923000
AT,Austria,88.79244791,28.74722124,130,11.49425287,0,10557.57223,37823.94501,26.44276422,12694.33976,31220.83455,30.27737508,147871.2433,99,98,98,2,2,4.649540858,100,100,99.17631506,0.148797202,0.15782546,0.837728237,216.2645,3602.18,3946.48,2,3,2,2,48,3,64,90,91,24,100,11.3,3,2,2,56,32,22,18,42,4,2,1,1,2,2,1,2,1,1,2,418.02,8.603,66.064,45440,30.5,0.5,100,0,100,1.274,8.424719888,75,7.8,0.8301,6.9534,1.616233,1,-10,0,87.93558659,97,87,93,93,2511200
BD,Bangladesh,14.5,4.430686241,88.12405929,125,24.28571429,15606.00898,13843.87622,24.4435823,4818.72496,8203.293344,41.08992535,11720.71926,99.49,92.55,65,2,2,0.060716454,93.23790928,72.59946757,78.48681014,1.512137872,1.644520824,3.50125883,21.7728,3433.7,5681.18,2,2,1,1,34,2,62,82,35,42,72.75872,5.2,3,0,0,56,62,44,34,67.39130435,2,1,1,0,2,2,1,2,1,1,2,249.7111,164.7,35.858,1470,32.4,2.7,80,0.121432908,82.26207,2.084,5.431442577,28,4.433916084,0.4862,21.43907,141.471794,1,-20,-17,18.246938,36,16,87,70,7296000
BE,Belgium,85.96845717,38.31345058,104.6525275,8.43373494,2.150537634,12459.51574,51266.48879,24.25550611,15357.8305,45200.54162,32.90983782,186980.9647,100,100,100,2,2,0.874967189,100,100,98.77387536,0.808966842,0.508253759,0.889863527,306.7401,3407.74,3699.8,2,3,2,2,64,3,40,76,88,22,100,11.4,3,3,2,50,38,28,24,47.91666667,4,2,1,1,2,2,1,2,1,1,2,493.73,11.429,97.942,41790,27.7,0,100,3.499868755,100,1.56,7.783263305,75,7.8,0.808,10.060745,1.311183,1,-7,-2,87.67968082,90,83,95,93,4378973
BJ,Benin,6.61,0.257997447,78.50112548,82.35294118,15.625,8554.238516,16556.64948,55.50521205,4117.818655,3628.518521,79.17824688,1700.116046,98,65,39.72,2,1,0.894774517,53.8,9.090051097,67.82927636,2.576900951,15.65877954,38.65351427,55.2,4921.28,5790.3,2,1,1,1,58,1,74,80,15,36,38.44714,3.5,3,2,2,46,54,48,30,58.69565217,0,0,0,0,1,2,1,1,1,0,1,9.2545,11.176,46.768,800,47.8,22.4,30,1.789549034,3.745480666,1.973,5.61407563,39,4.75236868,0.3264,0.628683,10.537975,0,-14,-10,11.99404791,31,17,74,64,28833
BW,Botswana,43.70095853,2.133867095,130,60,-5.813953488,6180.437308,5921.987434,47.80731639,7978.737976,13988.78933,55.42221393,18063.38427,98,84,65,2,0,4.366812227,69,31.61490077,95.4895587,5.101360463,6.111535523,4.932675248,88.8,4081.29,6800,2,2,0,1,50,3,67.85714286,78.57142857,43,25,88.22441,9.2,3,1,2,39.28571429,55.35714286,41.07142857,25,65.90909091,0,0,0,0,2,2,1,1,1,0,2,17.4065,2.29,68.7,6820,60.5,5.8,57.29846394,0,86.28159,1.659,7.807656396,61,4.75236868,0.4253,0.492787,1.811033,1,-18,5,39.36299738,48,30,81,86,48901
BR,Brazil,53.9074543,13.69881595,112.9965568,-3.076923077,-3.614457831,9677.81332,20624.52048,34.55074906,6997.013832,15021.12481,58.40748473,64130.44172,95.73,95.48,83.06,2,2,1.637283842,99.96,98.14057118,87.94231692,0.350155474,4.200394158,2.405949515,70.8891,2522.34,2314.52,2,3,2,2,60,3,68,96,62,22,92.58681,7.8,3,0,2,38,42,36,44,73.46938776,2,2,0,0,2,2,1,1,0,1,2,2055.1,207.661,86.194,8580,51.3,1.2,99.710902,2.070682507,76.24709488,2.16,6.857376284,37,5.9,0.7327,139.111185,70.456735,0,2,3,60.87254007,63,65,80,83,28670016
BG,Bulgaria,67.32588082,25.48,121.03,4.761904762,-1.123595506,29069.97779,39490.52164,21.01286648,16320.15754,40620.44608,30.17980008,207474.3385,99.99,99.99,99.34,2,2,7.05716302,100,100,86.16258566,0.26642595,1.160003093,1.764292172,83.9011,3341.14,3003.84,2,3,2,2,70,3,68,96,66,32,98.38858,10.8,3,2,2,40,36,16,28,50,3,2,1,0,2,2,1,2,1,1,2,56.8327,7.085,74.6,7760,37.4,0.5,100,1.411432604,100,1.635,7.026727358,43,6.5,0.7177,4.15505,2.942746,0,-3,1,63.41010138,66,63,88,89,1764782
BF,Burkina Faso,10.59,0.073290887,93.50293242,10,11.42857143,8930.709708,17088.83868,54.09528368,4558.908637,4831.047985,68.56567844,6065.979618,93,32,0,0,0,0.52102329,58.1,1.455566069,32.48971389,8.448855578,17.84640315,42.24427789,66,3553.42,8561.68,2,1,1,1,46,2,74,64,18,30,37.7467,1.4,1,1,2,42,62,28,22,56.52173913,2,2,0,0,1,1,1,1,1,0,2,12.88,19.193,28.743,610,35.3,11.1,17.73687571,0,2.57757,2.029,4.754365079,42,4.75236868,0.3016,1.894498,16.739227,0,-2,-8,13.96,22,20,78,70,14067
KH,Cambodia,26,0.810040478,116.0421129,47.05882353,17.39130435,16417.35711,13013.73714,17.61053007,8550.794911,7380.877544,37.44679715,18814.45924,99,83.9,57.5,2,1,1.249609497,97,49.80210624,74.39140702,0.975609756,2.352941176,11.70731707,24.48,3513.77,4887.68,2,2,1,2,50,2,68,72,29,28,78.34594,4.7,3,1,0,36,34,30,14,43.18181818,0,0,0,0,1,2,0,0,0,0,2,22.121,16.005,22.98,1230,30.76,0.8,60.64818223,1.874414246,6.563461887,2.101,3.626027077,21,5.760083616,0.3753,1.756824,14.070417,0,-16,-12,33.99999913,50,34,81,69,129650
CM,Cameroon,21.69999563,0.175095527,81.92504638,9.090909091,-2.564102564,4764.684331,5873.143534,57.08948938,5629.549822,7643.366265,62.69711412,2607.598753,84.2,75,53,2,0,0.415800416,95.9,19.46918346,87.52834684,1.288450476,9.145439608,22.58577893,52.8,3310.86,3890.02,2,1,1,2,46,2,78,80,35,26,74.98558,6.1,3,1,0,30,60,48,46,35.48387097,2,2,0,0,1,2,1,0,0,0,2,34.7986,24.05,55.777,1360,46.6,7.6,62.1,2.494802495,23.10157,2.484,3.612441643,25,5.009298077,0.3997,4.311178,19.613229,0,-3,2,23.20297197,36,33,76,78,42117
CA,Canada,87.44088611,38.01449419,85.89566696,1.098901099,0,25032.85351,58775.93007,32.72544301,14635.98374,54157.19675,40.08999848,139569.5143,99.4,99.4,98.5,2,2,3.27689787,100,100,98.12199923,0.487472009,1.416568271,0.729913831,570.5191,2769.07,1648.16,2,1,2,2,47.05882353,3,70.58823529,92.15686275,92,33.33333333,100,13.1,2,1,2,52.94117647,43.1372549,23.52941176,19.60784314,52.08333333,3,2,0,1,2,2,1,2,1,1,0,1652.9,36.62,82.189,42870,34,0.2,100,2.18459858,97,1.372,9.150793651,82,8.2,0.8258,32.120519,4.165859,1,-1,0,91.16,92,91,82,82,13922504
CL,Chile,87.53899513,16.94281597,127.4632858,1.369863014,-1.086956522,13014.55441,49458.199,32.04123884,9335.868023,17028.61168,43.04974491,112058.5531,96,95,79,2,2,1.662049861,100,100,96.71848068,0.951234734,1.249324163,2.852345296,153.6889,2753.38,2920.82,2,2,2,2,63.46153846,3,61.53846154,88.46153846,64,40.38461538,96.62755,9.9,3,2,2,59.61538462,51.92307692,40.38461538,26.92307692,73.07692308,4,2,1,1,2,2,1,2,1,1,2,276.99,18.05,89.883,13610,47.7,0.8,100,8.310249307,78,1.649,7.843370682,67,7.7,0.735,14.108392,4.023458,1,-1,1,82.32748693,74,73,91,92,3058979
CN,China,55.5209346,26.85600056,104.5816819,-7.352941176,-1.052631579,27747.39933,84376.64413,13.14226323,18103.95244,42185.25011,35.54577124,14755.28838,99.5,98,98,2,0,0.072886297,100,100,95.14963344,0.612937249,0.779299046,2.165711614,101.2395,4533.84,3107.1,2,2,2,2,70,2,60,84,60,30,96.35745,7.6,3,1,2,56,60,34,34,70,3,2,0,1,2,2,1,1,0,1,2,12014.6,1372,56.939,8690,42.2,0.2,100,0.255102041,97.95665,2.243,3.099673203,41,6,0.6811,721.434547,660.888785,0,5,1,54.3,63,68,94,95,378540000
CO,Colombia,49.95223366,12.87854234,126.8138818,22.44897959,2.469135802,4750.47749,10477.47391,52.93637505,6867.321691,9888.450088,54.30287393,155416.8325,100,100,96,2,2,0.203807117,100,84.65787051,97.40427633,2.991938025,1.722431043,4.038070202,67.1763,3574.05,2441.68,2,1,2,2,48,3,68,90,55,30,94.57706,7.6,3,2,2,56,58,42,28,57.77777778,2,1,1,0,2,2,1,2,1,1,2,314.46,49.066,76.991,5830,50.8,1.8,97,3.057106754,69.86326,2.729,6.667600373,37,5.8,0.6871,27.664747,20.989645,0,-11,-2,62.25988032,60,49,83,81,6318936
CD,Congo (DRC),2.8,0.001229408,43.36139809,73.33333333,51.35135135,8269.200074,16526.61924,55.45444768,3728.375163,2588.54784,94.40550232,715.8203927,50,40,0,0,0,0.122940743,34.75778499,0.362463605,47.91632803,39.13043478,40.1916544,1084.747255,33.6,2855.73,5873.62,2,1,1,1,42,1,70,74,16,28,77.04268,6.1,2,1,1,34,58,38,22,59.57446809,0,0,0,0,0,0,1,0,0,0,0,37.642,81.34,43.88,450,42.1,39.2,15.45513063,0.245881485,9.204733105,3.251,1.613772176,21,3.910658654,0.2612,3.10121,76.621414,0,-11,-19,6.20997406,26,15,56,37,1000
CR,Costa Rica,68.56775796,15.16702071,130,4,1.098901099,3658.397961,9107.451706,45.15224946,5644.836562,9653.697344,75.86741659,71358.60594,97.3,97.3,82.2,0,0,2.038403522,100,96.87792694,95.73411737,0.001920128,1.420549383,1.876991755,116.4,3822.65,2220.74,2,2,2,1,48,3,46,76,62,42,97.64725,8.7,3,2,2,58,38,42,44,67.39130435,4,2,1,1,2,2,1,2,1,1,2,57.8305,4.9058,78.56,11040,48.7,0.5,99.33062754,8.153614089,50.80092,1.767,7.87710084,59,6.539826923,0.7004,2.7385,2.118718,0,-3,-1,71.58166462,78,75,92,91,744059
CI,Côte d'Ivoire,22.65,0.587884214,130,60,18.57142857,7550,15150,107,7980,13750,66.12213869,4038.980408,97.94,60,47,2,1,0.41153957,88,31.49505635,94.82574357,2.67729969,8.312023383,25.43434705,46.8,3458.24,8330.44,2,1,1,1,46,1,62,76,35,18,43.26532,5,0,1,2,42,70,42,30,53.19148936,0,0,0,0,1,2,1,1,1,0,2,40.3887,24.299,50.326,1540,41.5,9.1,59.93173429,1.234618709,13.54757242,2.207,3.92710084,36,5.350322115,0.2776,5.122897,18.131287,0,-12,-13,43.83992085,32,20,83,70,142825
CZ,Czech Republic,77.16361814,28.82378663,118.9920555,3.797468354,-2.105263158,18578.59633,31838.27368,23.0625074,13703.27241,29926.437,36.73908688,184117.0774,99.8,99.8,99.8,2,2,3.766833035,100,100,95.83906181,0.562525335,1.073728264,1.410553478,156.1486,3448.06,4048.48,2,3,1,1,58,2,44,92,84,30,100,12.3,3,4,2,24,36,24,18,56,2,2,0,0,1,2,1,2,1,1,2,216.1,10.619,72.938,18160,25.9,0,100,0,83.59833695,1.381,7.616596639,57,7.5,0.7084,9.323428,1.22463,0,-3,2,78.71917285,82,79,93,95,3060597
DK,Denmark,93.69516127,43.17362835,121.7107513,4.301075269,1.020408163,54164.90564,71829.31594,21.59959986,18385.68814,42015.4259,28.60889464,238694.8644,100,100,100,2,2,5.232314776,100,100,98.43405307,0.000296205,0.500397351,0.819501779,231.5731,2896.18,3483.08,2,3,2,2,52,3,44,84,93,44,100,12.7,3,2,2,38,52,24,22,72.91666667,2,2,0,0,2,2,1,2,1,1,2,325.8,5.7336,88.029,55220,28.2,0.1,100,61.04367239,100,1.353,9.222338936,88,8.4,0.915,5.479054,0.211696,0,-4,-1,97.09936216,97,93,99,98,2475382
DO,Dominican Republic,25.17006935,7.304338684,81.44449363,-3.278688525,1.234567901,5383.886867,20000.87245,40.03591038,8410.793381,10849.68956,38.0513308,21430.64198,99.52,99.15,90.43,2,2,1.857527631,98.5,91.40168838,95.31938755,1.977919948,3.499260563,4.203079889,156,4563.52,5114.62,2,1,2,1,44,2,70,88,42,30,92.46542,7.7,3,2,2,56,52,40,34,56.09756098,4,2,1,1,2,2,1,2,1,1,2,76.0113,10.767,80.277,6630,45.3,0.4,97.1,8.358874338,30.74152238,2.073,6.663748833,29,5.252972028,0.5726,5.513852,5.134761,0,2,-1,63.87,59,61,82,81,786458
EC,Ecuador,37.20081299,10.12810455,83.49883049,23.07692308,10.95890411,7774.780414,9082.109132,37.32827253,6681.468129,12455.3692,51.50196956,43895.70543,97.08,92.34,58.75,2,2,1.78784267,99,94.32067162,92.9928596,2.037351443,3.286786476,4.769439697,133.6632,4057.78,3146.94,2,2,2,2,53.7037037,3,70.37037037,90.74074074,41,33.33333333,94.35023,8.3,3,3,0,66.66666667,64.81481481,44.44444444,33.33333333,63.82978723,0,0,0,0,1,2,1,2,1,1,2,103.06,16.78,64.2,5890,45,1.2,97.3,2.383790226,45.23,1.987,6.017623716,32,5,0.6129,7.055575,9.329875,0,-12,-8,57.27224368,64,52,81,73,1683783
EG,Egypt,49.21296815,5.354323204,105.5406134,29.41176471,19.17808219,1021.780616,4779.706425,53.03150981,4718.972446,8126.817893,47.88754532,14692.1973,99.8,98.71,61,2,2,0.210084034,99.9,99.7237432,77.75176287,0.336288777,2.665714118,1.277897352,37.0861,3386.02,6374.7,2,0,1,2,21.15384615,2,59.61538462,98.07692308,29,25,75.84262,7.1,1,0,0,48.07692308,57.69230769,46.15384615,51.92307692,70.21276596,2,1,1,0,2,2,1,0,0,0,2,194.49,95.2,43.264,3010,31.8,0.2,99.79901367,2.415966387,49.06349,2.632,3.36442577,32,5,0.488,30.835256,62.548318,0,-10,-14,44.95020425,44,34,87,73,5223311
SV,El Salvador,16.9,6.941630671,130,27.65957447,12.82051282,2878.205436,5939.143758,66.90479331,3481.904108,7150.698023,50.83134726,68161.27453,97,86,15,2,2,0,98,91.03742385,96.06823121,1.179775281,4.724409449,7.446067467,103.2,2663.6,3874.98,2,2,1,2,45.09803922,3,49.01960784,86.2745098,49,19.60784314,87.64822,6.5,3,2,1,39.21568627,47.05882353,35.29411765,21.56862745,61.53846154,1,0,1,0,0,0,0,2,1,1,2,24.8042,6.38,71.275,3560,40,0.5,96,0,40.13937,2.275,6.427637722,33,5.897129808,0.5469,2.352849,3.79357,0,-13,-10,28.99707305,60,47,88,78,442727
EE,Estonia,88.26446281,30.90043615,130,8.641975309,1.030927835,26804.03261,33981.72973,21.88118924,12047.82889,29472.00483,25.77919686,205033.5615,100,100,99,2,2,15.20218912,100,100,95.69297133,0.07434134,0.547952897,1.189461439,132.2352,3446.43,4063.88,2,3,2,2,73.07692308,2,71.15384615,90.38461538,90,46.15384615,99.82351,12.5,3,2,2,25,38.46153846,38.46153846,26.92307692,53.06122449,4,2,1,1,1,2,1,2,1,1,2,26.6681,1.3156,68.717,18190,32.7,0.4,100,45.60656735,100,1.732,7.791199813,71,7.458758741,0.8486,1.196521,0.112583,0,-7,-1,88.10245687,88,81,98,97,404682
ET,Ethiopia,15.36692386,0.552719284,59.65942118,50,42.55319149,11183.29241,5225.414467,35.1663525,4995.032625,5958.172141,64.4370158,2220.545813,97,85,10,0,0,0,70.96939,38.18059592,10.48083346,6.272888118,1.677117594,18.44967093,20.0823,10000,10000,2,1,1,1,36,2,60,78,16,28,49.03152,2.6,3,2,2,50,50,38,28,71.05263158,3,1,1,1,2,2,1,0,0,0,1,75.3794,104.96,20.31,740,39.1,7.7,44.84,0,7.326324812,2.524,3.420985061,35,4.282826923,0.3463,4.288023,97.565245,0,-5,-20,15.36692386,15,10,67,47,580120
FI,Finland,87.78241386,30.94927589,130,0,0,17614.55537,37122.37938,31.14634217,13454.04676,34839.09524,28.11140363,215389.678,99.99,99.9,99.9,2,2,9.052723059,100,100,97.85751975,0.542970258,0.094210753,0.876639139,211.3204,3336.06,2741.86,2,3,2,2,43.1372549,3,66.66666667,94.11764706,93,50.98039216,100,11.2,3,1,2,68.62745098,52.94117647,25.49019608,5.882352941,65.30612245,2,2,0,0,2,2,1,2,1,1,2,252.78,5.5232,84.495,44580,27.1,0,100,34.40034762,100,1.506,9.032446312,85,8.2,0.8815,5.107402,0.416502,0,0,0,87.46892907,93,93,100,100,1709400
FR,France,71.45365104,43.75068906,106.2134196,4.494382022,4.651162791,27550.78268,49076.3131,37.54979652,9700.702441,32018.41187,44.03314158,106448.5092,99,99,98,2,2,2.154542237,100,100,98.9215545,0.356141421,0.555325036,0.889997402,297.1446,2659.69,2679.58,2,3,2,2,46,3,56,86,90,22,100,11.6,1,2,2,62,60,46,34,73.33333333,2,2,0,0,2,2,1,2,1,1,2,2589.6,64.979,79.986,37970,32.7,0,100,3.231813355,100,1.909,7.803104575,70,8,0.879,55.86033,8.807799,0,-4,-4,80.5,93,89,90,86,28429000
DE,Germany,87.91682139,40.45218767,129.0884756,1.149425287,3.529411765,13321.95765,54124.38827,25.98936611,9894.329467,34777.76666,32.12431727,108195.3061,99,96.5,96.5,2,2,2.296017015,100,100,97.18977105,0.15515801,0.999073228,1.086728022,210.5889,3357.14,2354.62,2,2,2,2,38,3,54,82,93.5,48,100,13.2,2,2,2,48,26,18,14,46.93877551,3,2,0,1,2,2,1,2,1,1,2,3705.6,82.752,75.716,43490,31.7,0,100,1.208430008,94.36687449,1.531,8.608543417,81,8.3,0.8765,71.016605,9.665746,1,-1,-3,84.39550077,88,87,88,85,33217000
GH,Ghana,32.51075586,0.197026881,127.4614479,66.66666667,19.67213115,12731.85428,11420.23255,56.93968958,4911.707983,8613.5625,54.91255252,9615.321177,96.79,80,34.86,2,1,0.346860909,96.83,68.77626959,84.33190283,0.55534613,4.983274884,18.51153765,153.6,3653.67,5283.22,2,2,1,2,53.7037037,2,70.37037037,79.62962963,35,29.62962963,76.5759,6.9,3,1,2,40.74074074,61.11111111,42.59259259,18.51851852,59.57446809,1,0,0,1,2,0,1,1,0,1,2,47.3561,28.83,55.407,1490,42.4,3.5,84.32,1.734304544,33.59849485,1.772,6.68697479,40,5.273668269,0.539,7.958675,20.0747,0,-14,-12,34.66600065,35,21,73,61,56810
GR,Greece,69.12621789,33.85609188,115.9262469,9.090909091,3.333333333,2271.20509,15389.56053,40.43833997,3649.608108,15108.52437,31.2316008,68306.92099,99.9,99.6,98,2,2,0.896137647,100,100,97.29256601,0.635394487,0.803648935,1.389645132,127.9732,3649.02,2926.84,2,3,2,2,26,3,70,96,80,30,95.29287,10.5,3,3,2,36,28,30,26,70.21276596,2,2,0,0,0,2,1,2,1,1,2,200.17,11.159,78.67,18090,36,0.8,100,8.065238821,71.96749726,2.02,7.291199813,48,5.8,0.7833,7.072534,3.846925,0,-6,-3,69.08791547,72,66,93,90,3778263
GT,Guatemala,20.5,3.051415323,118.1687909,28.57142857,15.625,2854.49212,6381.076469,62.15715669,7254.733042,8371.606773,51.69280622,24124.42831,100,95,40.35,2,2,0,99.58765096,84.20311941,92.18016939,3.982216611,6.702804831,5.993437121,91.2,3780.26,4813.48,2,1,2,2,41.17647059,1,60.78431373,96.07843137,31.41639027,31.37254902,79.07421,6.3,3,2,1,56.8627451,43.1372549,39.21568627,35.29411765,46.80851064,0,0,0,0,1,0,0,2,1,1,2,75.6197,16.92,50.68,4060,48.3,2.5,92,2.955082742,44.0131,2.214,5.85690943,28,5.438148037,0.4974,4.409997,12.262959,0,-10,-10,34.50932609,45,35,74,64,506000
GN,Guinea,7.65,0.008873885,87.12541316,77.77777778,12.67605634,8228.335483,16526.65764,55.18958665,4210.087075,3864.819348,68.65637717,601.7448698,99.1,39.1,10.3,0,0,0,46.15421466,0.985914275,71.25624048,4.714618043,6.289834412,11.83465345,54,4358.1,5591.68,2,0,0,1,46,1,66,82,7,28,30.47279,2.6,0,3,2,42,52,42,36,55.55555556,0,0,0,0,2,2,1,1,1,0,2,10.83,12.717,35.793,820,33.7,10.3,17.15300403,0.786348982,1.650652619,2.101,3.137838469,27,4.75236868,0.2348,0.236932,12.71019,0,-14,-9,9.8,32,18,80,71,1100
HU,Hungary,82.35109734,30.41266324,123.7552537,8.695652174,4.597701149,30729.03146,79024.42041,21.58688791,17683.40861,50259.42275,27.81527052,156928.6499,99,99,99,2,2,2.0572322,100,100,97.22739143,0.339754986,0.766571621,2.023580695,157.2171,3616.38,2455.04,2,3,1,2,62.26415094,2,66.03773585,90.56603774,79,32.0754717,99.38088,12,3,0,2,32.0754717,22.64150943,32.0754717,9.433962264,43.39622642,2,2,0,0,2,2,1,2,1,1,2,138.92,9.7218,72.143,12870,30.4,0.3,100,0,98.6881,1.531,6.639939309,45,6.8,0.7265,7.874733,1.946585,0,-6,-4,76.75054712,75,69,91,87,2956585
IN,India,22.63874,1.333354912,87.2849181,150,32.20338983,16838.01255,20727.89192,31.68229606,3898.257046,8235.910448,69.60186244,15629.76819,97,88,88,2,2,0.134410609,98,82.13899874,94.9260861,1.832582688,1.260414172,4.480209059,22.4824,1725.55,2911.74,2,1,2,2,39.28571429,2,73.21428571,83.92857143,44,37.5,72.2253,6.3,2,3,2,71.42857143,73.21428571,32.14285714,30.35714286,64.81481481,3,1,1,1,2,2,1,2,1,1,2,2600.2,1339.18,33.525,1820,35.1,4.3,87.46829517,0.149345122,24.43130005,2.504,7.23050887,40,5.5,0.5669,462.124989,864.676587,1,-12,-19,29.54716289,20,8,78,59,17856024
ID,Indonesia,57.3294094,2.289738408,130,8.823529412,5.970149254,9853.867862,15616.85298,31.19558619,8395.445927,9535.956503,51.70581689,24620.80337,98.6,93.78,90.42,2,1,0.191878917,100,88.5975166,92.92544157,1.393337315,1.536596711,7.942022694,29.4116,3114.78,4251.92,2,2,1,1,42,2,66,96,36,26,95.37697,7.9,3,0,2,74,60,46,34,64.44444444,2,2,0,0,1,2,1,2,1,1,2,1015.5,260.581,55.255,3540,39.5,0.9,94.83,6.101749552,51.20673,1.853,6.387885154,37,5.7,0.5258,53.236719,207.344381,0,-3,-4,32.2924419,37,34,71,67,6044712
IR,Iran,70.0239273,12.39209402,107.3232083,0,6.666666667,5864.574718,9042.813633,35.07460132,7301.597418,16326.66765,53.06688608,15272.22065,96.5,77,74,2,2,0.492853622,100,96.29799033,80.64176154,0.468169986,1.644398119,1.02061057,78.215,4924.5,6027.02,2,2,2,2,38.88888889,3,62.96296296,94.44444444,69,29.62962963,87.17253,8.8,3,2,2,16.66666667,48.14814815,27.77777778,16.66666667,32.65306122,4,2,1,1,2,2,1,1,1,0,2,460.976,81.16,74.428,5400,38.8,0,99.0520634,1.355347462,36.26206,2.439,2.450863679,30,4,0.6083,39.149103,40.894043,1,0,-6,60.41635615,61,61,96,90,10057769
IE,Ireland,88.99896325,29.43000724,102.8816649,-7.446808511,-4.12371134,19355.93893,52886.50702,28.3701335,12922.71564,39807.98061,29.8724749,179670.0508,99,95,90,0,2,6.300535546,100,100,99.5647408,0.489154991,1.019328738,1.100598731,327.6,3579.09,2259.36,2,2,2,2,45.09803922,3,60.78431373,90.19607843,90,49.01960784,100,12.3,3,0,2,39.21568627,41.17647059,35.29411765,25.49019608,66,4,2,1,1,2,2,1,2,1,1,0,331.62,4.7615,63.83,55290,31.8,0.2,100,31.50267773,92.3030411,1.393,9.154761905,74,7.9,0.8287,3.817392,0.896601,1,7,4,84.51538863,87,94,93,97,1401356
IL,Israel,75.36946543,28.14372769,126.6587916,-2.127659574,-1,6099.351881,45801.40368,21.46935461,12832.05078,24801.36374,32.64062079,155765.4697,99,99,82,2,2,1.14825064,100,100,96.78496482,0.53669089,0.796522663,0.885539969,195.7567,2304.81,2726.14,2,3,2,1,50,3,70,84,81,24,97.764,12.8,3,2,2,26,58,46,28,57.44680851,3,2,0,1,2,1,0,2,1,1,2,349.57,8.7089,92.274,37270,41.4,0.3,100,5.741253201,85,2.764,7.787581699,62,7.6,0.7998,5.941174,2.251289,0,2,1,81.58118359,92,94,99,100,2342000
IT,Italy,71.7010564,27.94205516,130,12.19512195,10,11571.35161,32044.01796,33.59188455,11381.99225,32534.14596,36.21028034,84803.04388,100,100,98,2,2,1.684636119,100,100,97.44417055,0.649542463,1.327786138,1.739378921,190.3021,3392.82,2704.48,2,3,2,2,45.09803922,3,64.70588235,96.07843137,74,45.09803922,99.01579,10.9,3,2,2,37.25490196,23.52941176,13.7254902,17.64705882,54,3,2,1,0,1,2,1,2,1,1,2,1941,59.36,69.257,31020,35.4,1.4,100,4.885444744,88.25217,1.766,7.97770775,50,6.7,0.8209,39.211518,20.589486,0,-10,-9,61.30114276,92,82,99,90,16586376
JM,Jamaica,39.54428465,8.273192497,106.9516337,10.9375,1.111111111,3974.111426,15612.00724,49.25486886,3944.614723,10482.77474,59.8318272,47717.14027,100,95,45,2,0,3.460207612,100,95.55041381,92.64737633,1.381961749,3.284558252,8.737946715,183.6,5722,4968.24,2,0,1,2,46,3,76,84,65,18,88.4999,9.6,3,3,0,40,66,42,30,55,3,2,0,1,2,0,1,2,1,1,2,14.193,2.89,55.378,4750,45.5,0.4,98.01450565,27.6816609,72.78195,2.068,7.290499533,44,5.835648037,0.4697,1.216098,1.587264,0,-7,-1,44.36685637,71,64,91,90,239120
JP,Japan,96.24180846,32.2,130,15.15151515,5.617977528,120149.9215,95125.55181,26.16222421,9807.144259,30773.07939,63.66003539,21611.77511,99.9,99.9,99,2,2,0.705970945,100,100,97.90257809,1.468638539,1.169001174,0.986085862,453.9877,3574.78,1986.96,2,2,2,2,28.84615385,3,48.07692308,92.30769231,93.6,44.23076923,100,12.5,3,3,2,44.23076923,42.30769231,30.76923077,19.23076923,43.1372549,3,2,0,1,2,2,1,2,1,1,2,4874.5,127.484,94.475,38550,32.1,0.2,100,2.980766214,98.74923734,1.391,7.879785247,73,7.5,0.8783,115.111595,11.21212,1,-10,-5,90.87304215,76,66,94,89,40390640
JO,Jordan,79,4.828887068,103.835148,-5.063291139,6.896551724,17095.93502,22589.28721,34.34729743,12133.20567,16468.80936,32.15768815,27060.82946,99,99,87,2,2,0,100,100,88.36053779,1.486304763,2.620373403,8.450704063,120,3574.72,4931.52,2,0,2,2,38,3,66,82,50,16,98.01435,10.1,2,2,2,50,56,32,18,48.64864865,2,2,0,0,2,1,1,1,1,0,2,40.0683,10.05,90.747,3980,33.7,0,100,1.990049751,91.37056,2.104,3.873646125,48,5.575472028,0.5575,3.536871,4.210929,0,4,-6,62.30219257,75,79,93,87,456610
KZ,Kazakhstan,84.8545575,14.13661535,130,-2.666666667,-2.197802198,23548.26619,24695.46477,37.73913253,11294.68943,17639.07458,38.46218756,84543.57565,96.6,87.3,72.5,2,2,0.549329818,100,100,94.63248479,0.093307226,0.548367267,0.900414726,35.4748,3408.98,5013.46,2,3,1,1,38.88888889,2,62.96296296,94.44444444,66,29.62962963,99.78785,11.7,3,3,2,16.66666667,48.14814815,27.77777778,16.66666667,32.65306122,2,2,0,0,2,2,1,2,1,1,2,158.11,18.204,53.16,7890,26.9,0,100,0,97,1.974,3.0571662,31,5.4,0.7597,9.961519,7.893865,0,2,2,76.42674823,73,75,89,91,2573500
KE,Kenya,29.95181778,0.58008813,86.14733981,25.53191489,1.162790698,7974.787592,12748.27958,42.94190365,6975.369599,12760.88321,42.82974898,106974.6327,95.3,85,25,2,2,0.402414487,89.54076603,67.58923408,80.42641844,2.015337868,5.416056006,37.88029057,63.0733,5423.54,2644.04,2,3,2,2,55.76923077,2,67.30769231,94.23076923,45,28.84615385,78.0234,6.3,3,0,0,46.15384615,51.92307692,46.15384615,23.07692308,56.81818182,1,0,0,1,2,0,1,2,1,1,2,74.9399,49.7,26.562,1440,40.8,11.6,73.42,1.408450704,29.80995001,2.3,5.112114846,28,4.263881119,0.4541,21.248977,26.002472,1,-12,-1,16.6,59,47,87,86,288303
KW,Kuwait,99.70019126,2.742082249,124.1713824,0,-1,12352.09672,13754.51918,24.33956398,16215.8326,21279.50399,27.0608197,112408.9373,100,99.8,99.6,2,2,0,100,100,94.0771795,0.629307947,1.353594958,0.356607827,349.2174,3370.14,2963.02,2,1,1,2,45.09803922,2,50.98039216,82.35294118,63,33.33333333,96.11771,7.3,3,2,2,35.29411765,47.05882353,49.01960784,39.21568627,55.55555556,2,2,0,0,0,1,1,0,0,0,2,119.5342,4.498,100,31430,37.7,0,100,8.892841263,84.28622521,1.799,3.849136321,39,6.053863636,0.7388,3.20211,0.805036,0,0,1,97.99998933,94,94,99,100,113427
LR,Liberia,3,0.173392001,67.55790155,38.0952381,13.46153846,9008.690758,16608.78303,56.66246911,3774.779341,2731.133047,71.05764283,3295.916293,76,63,4.4,0,0,2.113316004,16.4,3.170418656,31.17124539,15.78947368,6.486486486,8.685798253,37.2,4369.05,6179.38,2,1,1,2,52.94117647,1,68.62745098,86.2745098,18,27.45098039,47.60014,4.4,0,2,0,49.01960784,60.78431373,47.05882353,27.45098039,70.83333333,0,0,0,0,2,0,1,2,1,1,2,2.158,4.7319,50.697,380,33.2,11.7,9.87741951,2.113316004,4.96689,1.931,5.226377218,31,4.75236868,0.2737,0.395063,4.220159,0,-8,-7,7.319106411,29,21,59,52,8000
MG,Madagascar,8.2,0.098009866,34.14232861,26.66666667,0,24557.08611,29720.89945,32.36552896,4405.187051,4485.678116,92.82475393,14269.94613,78.01,63.01,23.08,2,0,0.396620791,51.7,6.883188716,51.48824559,2.888216398,28.23483492,191.5850211,46.8,4171.14,5764.887368,2,1,1,1,32,2,58,78,29,26,64.6563,6.1,1,3,2,46,42,34,32,69.76744186,0,0,0,0,1,0,1,1,1,0,1,11.5,25.213,36.522,400,42.6,39,23.25118453,1.586483163,2.98013245,1.766,5.108239963,24,4.75236868,0.2792,1.066397,23.849425,0,-4,0,9.8,19,15,34,34,25062
MW,Malawi,11.457254,0.049511054,41.73804958,160,14.89361702,8702.646348,16840.81875,53.88850341,4622.853234,4984.043076,87.39904252,3884.143325,82,50,30,0,1,0.537056928,49.2,3.22353899,0,17.97274305,20.17300368,25.67534722,27,5033.62,5764.887368,2,1,0,2,40,2,68,84,17,24,65.96383,4.4,1,1,2,38,52,34,28,60,1,0,0,1,1,2,1,2,1,1,2,6.3033,18.62,16.714,320,45.5,33.6,10.90804468,0,10.17028843,1.811,5.489169001,31,4.826961067,0.2708,1.160839,16.588987,0,-16,-7,11.47,26,10,54,47,9220
MY,Malaysia,85.65329111,8.499170131,130,5.333333333,4.494382022,15224.9992,21878.87434,37.5536125,9130.04048,16728.31692,44.94935686,42516.01186,96.2,96.2,92,2,1,0.316215533,98.61991916,97,88.04108386,0.122604606,0.932407918,1.16474378,127.5352,2530.77,7830.14,2,2,2,2,62.74509804,3,60.78431373,94.11764706,77,27.45098039,94.63699,10.1,3,1,2,60.78431373,56.8627451,33.33333333,29.41176471,46.93877551,3,1,1,1,2,2,1,2,1,1,2,314.7072,31.624,76.118,9650,41,0,98.22218041,8.537819378,100,1.619,6.544631186,47,7.3,0.7174,21.090777,9.660825,1,-6.5,-4,80.14047901,79,75,93,89,2687800
ML,Mali,10.60586004,0.119167515,112.3527654,87.5,37.28813559,8358.677723,16460.99064,54.22929763,4503.929779,4643.53371,72.28882742,557.6059881,100,23,0,0,0,0.57753393,83.1,6.415985331,67.04053217,12.58330854,14.08323567,26.50526693,21.72,5178.02,6534.58,2,1,1,1,44,1,56,70,23,28,33.06887,2.3,3,1,2,50,48,32,34,72.72727273,1,0,0,1,1,1,1,1,1,0,2,15.288,17.315,41.572,770,33,15.5,38.29506391,0,2.871395962,2.686,5.643230626,31,4.75236868,0.2424,2.21245,15.922385,0,-14,-22,11.11218649,30,16,81,59,21444
MX,Mexico,50.92262118,13.26369269,88.51342699,28.94736842,8.196721311,9376.966341,20682.77572,43.23223602,12852.0436,16192.00457,50.66341176,37330.75532,99.9,95,58,2,2,0.232198142,100,100,95.00650571,1.104583781,1.757895661,2.569998264,85.0278,4816.32,3295.64,2,2,2,2,55.76923077,3,65.38461538,98.07692308,42,50,94.54559,8.6,3,3,2,51.92307692,53.84615385,40.38461538,34.61538462,65.30612245,2,0,1,1,2,1,1,2,1,1,2,1151.8,129.2,79.803,8610,43.4,0.6,100,0.541795666,53.4086,2.558,6.407119514,29,6.6,0.6818,58.016997,70.615007,0,-11,-5,63.85224909,49,38,66,61,17131820
MN,Mongolia,22.99086401,9.269366738,126.3528292,-1.388888889,-1.030927835,22908.32167,21229.96257,48.41277131,10545.79554,15973.81955,56.65246068,162562.3934,99,95,21,2,2,3.246753247,98.99758272,73.23626743,78.96634215,2.466715842,1.868174023,2.137820396,72,3103.44,2333.24,2,3,1,2,58.49056604,2,67.9245283,90.56603774,64,24.52830189,98.36764,9.8,1,2,0,32.0754717,45.28301887,24.52830189,22.64150943,57.69230769,2,2,0,0,1,2,1,1,1,0,2,11.488,3.08,68.363,3290,32.3,0.1,90.8474754,0,82.79743,1.821,6.499066293,36,5.637583616,0.5824,1.069693,1.936751,0,1,1,22.2657705,71,72,96,97,285093
MA,Morocco,70.2184201,3.858095143,122.8779577,24.48979592,9.638554217,2728.80921,15493.16242,54.31657733,7524.877987,13721.26219,39.70442014,25053.73146,99.6,96,93,2,2,0.279798545,100,97.4,85.25211125,2.164571353,4.633692562,4.285851278,55.8342,3502.82,9940.18,2,2,2,1,28,1,66,80,43,16,71.71055,5,3,1,2,32,70,46,36,51.28205128,0,0,0,0,0,2,1,2,1,1,2,110.0455,35.74,61.908,2860,39.5,0.2,99.009608,1.11919418,89.12952,1.979,4.874813259,40,5.017351399,0.5214,20.068556,14.748509,0,-12,-8,61.76221201,61,49,91,83,1378867
MZ,Mozambique,16.1682915,0.140393114,40.0268713,80,5.357142857,3530.427638,4154.148267,55.43195659,2378.960216,5485.150295,71.11394892,1178.512838,80,40,21.87295473,0,0,0.337052142,56.87985234,12.19807631,42.53509757,7.189552962,9.198070257,29.20755891,46.68,3441.04,5764.887368,2,3,0,1,36,1,60,76,28.23221515,22,58.83655,3.5,1,2,2,58,56,40,28,71.73913043,1,0,0,1,2,2,1,0,0,0,2,12.337,29.669,35.455,420,54,27.9,28.04,0.674104284,10.77544886,2.056,4.017787115,25,4.884211538,0.3195,1.834337,26.917025,0,-8,-3,17.52123909,18,10,59,56,41653
MM,Myanmar,24.37773309,0.758717218,89.84575762,27.02702703,6.493506494,9580,8820,52,14370,22720,109.61,6218.74411,90.45,90.45,75,0,2,0.187371182,78.54306513,45.61722752,80.75669011,0.703472389,9.911248241,13.23180416,42,3921.81,5331.28,2,1,2,2,38.46153846,3,63.46153846,86.53846154,23,28.84615385,75.5512,4.7,2,1,2,55.76923077,42.30769231,30.76923077,28.84615385,51.92307692,0,0,0,0,2,0,1,2,1,1,1,65.319,53.37,30.322,1190,38.1,1.5,55.601,0.562113547,4.9706,2.296,3.833590103,30,5.406750283,0.3328,1.353649,53.009777,0,-10,-5,25.07330424,47,37,82,77,404932
NA,Namibia,29.52681479,2.521673033,104.5015104,14.89361702,-3.571428571,7683.212784,7905.852704,54.90302333,9090,13090,58.11018596,15635.357,100,53,39,0,0,3.95256917,78,34,71.29415728,2.723739348,2.696792839,9.778028307,55.56,8907.28,6590.48,2,2,1,1,62.26415094,2,73.58490566,84.90566038,42,22.64150943,90.8205,6.7,3,1,0,52.83018868,69.81132075,37.73584906,24.52830189,66.66666667,4,2,1,1,1,0,1,2,1,1,2,13.255,2.53,49.005,4600,59.1,4.6,55.5622,7.90513834,30.76835884,1.806,6.310154062,51,4.75236868,0.4554,0.392181,2.1218,0,-7,3,31.03334594,54,47,81,84,63894
NP,Nepal,15,0.77350782,123.1748796,46.15384615,9.210526316,11430.34454,13929.05314,25.65662908,4020,7780,56.96400429,3855.354572,92.47,54.1,15.47,2,0,0.341296928,98.92179352,88.72915056,0,1.017387771,7.44649805,4.360233302,36,4555.73,2883.42,2,0,2,1,49.09090909,3,61.81818182,76.36363636,35,38.18181818,64.66364,4.1,3,2,2,76.36363636,67.27272727,32.72727273,29.09090909,59.18367347,2,1,1,0,2,2,1,2,1,1,2,24.791,29.3,19.336,790,32.8,3.1,90.7,0,6.483835815,2.053,5.180742297,31,6.15191668,0.4748,4.962323,23.888394,1,-12,-7,19.68876384,38,26,83,76,224184
NL,Netherlands,96.15384615,42.32699133,120.5216877,3.260869565,4.597701149,36324.14512,69574.15521,22.3820803,16026.63753,52255.4827,32.05054488,194920.2685,100,99,99,2,2,5.852402411,100,100,96.13971536,0.351390812,0.465082389,1.024889868,309.2369,3432.93,4130.28,2,1,2,2,48,3,58,76,95.9,40,100,11.9,3,4,2,36,48,28,22,48,3,2,1,0,1,2,1,2,1,1,2,832.94,17.087,91.682,46180,28.2,0,100,5.852402411,100,1.574,8.889005602,82,8.3,0.8757,15.915076,1.064653,0,-3,-4,93.19727891,95,92,91,87,7210800
NE,Niger,15.56814856,0.040274991,40.87508383,200,50,8786.560163,17119.85517,52.57447573,5052.39276,6137.802099,69.2976757,5855.804606,92,24,0,0,0,0,68.17,1.284166169,0,2.863223279,86.68252957,143.161164,49.2,3249.16,5764.887368,2,0,1,1,48,1,68,78,3,22,19.1026,1.7,3,2,1,38,50,34,38,52.27272727,1,0,0,1,0,1,1,1,0,1,1,8.33,21.48,16.35,360,34.3,13.5,12.22,0,4.614591151,2.359,3.761414566,33,4.75236868,0.1095,0.439164,20.276121,0,-14,-22,10.22431156,21,7,66,44,8650
NG,Nigeria,15.225,0.038768626,75.91962422,28.125,16.90140845,6171.811762,6410.064338,69.60663373,3902.446959,7467.940896,95.70547022,11416.35064,92.7,54,50.84,2,2,0.052383447,79.8,40.17025775,65.38601704,1.886663629,5.079506207,14.90464267,42.8679,2818.75,2612.96,2,2,2,2,50,2,65.51724138,86.20689655,46,17.24137931,59.56808,6,1,2,0,55.17241379,58.62068966,41.37931034,29.31034483,70.58823529,2,0,1,1,2,2,1,2,1,1,2,376.39,190.9,49.495,2080,43,21.8,59.79450981,0.471451021,18.02537094,2.873,4.444257703,27,4.4,0.3807,86.219965,100.767598,1,-9,-12,25.67,41,32,83,71,74004
OM,Oman,86.10606345,7.526019884,130,7.132243685,6.096555233,6793.628217,15079.20478,45.05508705,12805.00658,19731.46823,41.92233417,58499.37319,99.1,99,92.1,2,2,0,99.9,92.85382904,90.099116,0.432262643,1.597582325,3.241969821,235.7024,5087.12,5096.82,2,2,2,2,28,3,68,76,60,36,93.97165,8.1,3,2,2,34,42,32,36,56.81818182,3,2,1,0,2,2,1,2,1,1,2,72.6427,4.56,83.56,14440,30.7,0,98.74160949,37.28070175,86.97478992,1.984,3.039799253,44,6.3902944,0.6846,3.31026,1.344211,0,-3.111111111,-4.777777778,76.85,72.1,67.3,93.77777778,89,348926
PK,Pakistan,22.14266319,0.928692806,73.35732631,240,214.8148148,4688.808902,6217.487372,56.02208205,8672.749618,10917.55794,71.33028807,16461.7353,88,72,67,2,0,0.050761421,89.64418194,64.40081063,82.03733907,1.152328487,4.269581368,5.941693759,25.1431,2787.71,7768.28,2,3,1,2,30.35714286,2,62.5,87.5,24,25,56.44031,5.1,2,0,2,67.85714286,51.78571429,26.78571429,26.78571429,70.45454545,2,1,1,0,2,1,1,2,1,1,2,304.95,197,39.678,1580,33.5,0.5,73.6,0.558375635,20.25346873,3.079,4.257049486,32,4.7,0.3566,34.3424,158.484102,1,-24,-58,15.51455779,34,10,85,27,1829673
PA,Panama,53.934603,10.88365332,130,15.68627451,-5.063291139,7374.439284,28294.04091,32.05621399,8023.875418,15832.53326,59.79069038,55284.91498,96,95,33,2,0,2.439619419,99.79152831,77.14244508,98.73881985,1.374045802,1.572377598,1.955725226,324,2845.63,6393.92,2,1,1,1,71.15384615,3,80.76923077,86.53846154,43,30.76923077,95.03823,9.9,1,1,2,69.23076923,61.53846154,51.92307692,34.61538462,64.44444444,4,2,1,1,1,2,1,2,1,1,2,57.843,4.099,67.365,13100,50.4,0.5,92.4,31.71505245,58.88782375,1.826,7.08426704,37,6.51148137,0.6092,1.803261,2.187145,0,-8,4,54,59,51,75,79,446076
PE,Peru,28.17715664,7.182285608,120.9849191,40.90909091,13.69863014,4529.431132,18025.53358,47.84799172,11190.55453,14995.35181,43.75429024,33080.16443,82.89,73.94,52.24,2,2,0.314090081,96.67689134,89.2,92.67409201,1.849462365,1.666735188,3.020788529,87.0872,2907.5,6116.36,2,2,1,2,62.26415094,2,67.9245283,81.13207547,41,37.73584906,94.17367,9,3,1,2,75.47169811,43.39622642,35.8490566,26.41509434,72.54901961,1,1,0,0,2,2,1,2,1,1,2,214.27,31.838,79.254,5970,43.8,0.9,95.01103995,1.256360324,37.08390904,1.986,6.486461251,37,6.2,0.6461,13.036965,18.73726,0,-18,-10,48.72763146,62,44,83,73,2310217
PH,Philippines,39.1,3.239947468,110.3956258,-12.28070175,1.204819277,15675.32404,15231.82538,48.59617222,6457.586781,11681.8547,58.63324442,43519.03538,99,93,80,2,2,0.19062506,97.67912989,80.08820395,83.90447439,1.94495143,2.329104097,6.498349426,31.2546,5008.82,4312.88,2,1,1,2,50,2,80,98,40,26,96.61803,9.3,1,1,2,50,54,42,40,43.75,3,2,0,1,2,2,1,2,1,1,0,313.26,104.918,44.145,3660,44.4,1.6,88.3,5.909376847,55.51769,2.512,6.707399627,34,6,0.6512,44.478808,57.771325,0,7,-1,55.5,50,57,84,83,3399291
PL,Poland,81.87800291,18.47838992,130,7.894736842,2.272727273,16203.05008,46709.11524,26.84291145,9777.043533,24796.53199,36.21326004,83286.59054,100,100,100,2,2,2.352818153,100,100,92.73994334,0.124908071,0.555787243,1.748463126,93.3134,2456.32,2282.56,2,3,2,2,74,3,56,92,78,40,99.78742,11.9,3,3,2,30,40,20,26,69.3877551,3,2,0,1,2,2,1,2,1,1,2,524.59,38.252,60.48,12710,30.8,0,100,0.522848479,100,1.727,6.674253035,60,7.2,0.7926,27.922152,10.671009,0,-6,-2,75.98536595,82,76,90,88,7053333
PT,Portugal,76.93497146,34.60036714,113.8883699,9.589041096,10.22727273,29836.41353,53175.04798,23.41152876,39711.71743,73737.45047,13.64562473,52867.99241,99.88,99.5,98.9,2,2,0.969932105,100,100,98.16689253,0.545137679,0.373548645,1.568550121,143.5837,3412.72,2748.14,2,2,2,2,60.78431373,3,68.62745098,100,68,39.21568627,95.42811,8.9,3,0,2,35.29411765,58.82352941,41.17647059,29.41176471,80,3,2,1,0,2,2,1,2,1,1,2,218.03,10.31,64.606,19820,35.5,0.3,100,27.15809893,100,1.318,7.837418301,63,6.8,0.8031,6.930762,3.373672,0,-7,-9,73.79121395,80,73,97,88,3574047
QA,Qatar,95.819433,9.703430305,130,2.617230098,6.096555233,16817.82043,26791.56705,17.62431256,16631.548,48944.60402,30.18200031,81713.61115,100,99.7,99.5,2,2,0,100,98.50448967,99.73784448,0.080973554,0.239035889,1.349559234,379.9877,5626.58,9704.5,2,1,2,2,30.18867925,3,60.37735849,73.58490566,62,26.41509434,97.75709,9.8,3,4,2,32.0754717,77.35849057,37.73584906,28.30188679,58.33333333,4,2,1,1,2,2,1,2,1,1,2,166.9286,2.639,99.078,61070,41.1,0,99.98621139,26.52519894,100,1.869,3.191293184,63,6.683382867,0.7132,2.10897,0.182398,0,-3.111111111,-4.777777778,94.29111815,94.1,91.7,93.77777778,89,256094
RO,Romania,76.45329356,24.28947444,114.5873742,13.04347826,0,77560.42237,101837.2295,22.05374812,15942.14438,40167.40936,31.93182683,169176.9767,99.99,99.96,83.2,2,2,1.524467707,100,100,96.1142868,0.148502567,0.992833696,0.831614377,83.6386,2873.58,3342.64,2,2,1,2,66.66666667,2,64.70588235,94.11764706,69,39.21568627,98.75703,10.8,3,2,2,66.66666667,47.05882353,33.33333333,27.45098039,84,2,2,0,0,2,2,1,2,1,1,2,211.88,19.679,54.909,9970,35.9,1.9,100,0,78.30968616,1.596,6.43942577,48,6.4,0.6671,11.236186,8.136548,0,-9,0,63.74728218,78,69,89,89,4780000
RU,Russia,76.27521027,21.4409617,130,5.479452055,1.052631579,37892.95399,36567.20337,20.91433624,8081.446618,15876.17241,47.21699561,53401.02761,91,77,62,2,2,1.632308833,100,100,95.13224174,0.445679095,0.426574542,0.445679095,69.6,2546.64,2485.34,2,3,2,2,62,3,74,92,71,32,99.71957,12,3,1,2,40,40,30,30,56,2,2,0,0,0,2,1,2,1,1,2,1577.524146,147.031,74.174,9230,37.7,0,100,0.884167284,80,3.16,3.172829132,29,5.189012238,0.7969,102.258256,41.181576,0,-4,-1,76.00813853,77,73,96,95,30872788
RW,Rwanda,39.7,0.178401654,81.39,50,25,6196.039117,5628.865874,51.18082954,1033.333333,4200,72.93935949,7981.534395,99.92,93.37,96.6,2,1,0.819000819,69.35209853,37.19270362,61.98836528,4.008670979,14.9091173,140.3014799,26.1295,3687.06,3357.72,1,3,1,1,46,2,62,86,37,22,73.2,3.8,3,1,2,38,50,40,32,52.63157895,3,1,1,1,2,1,1,2,1,1,2,9.1367,12.21,17.125,720,45.1,20.2,42.7,0,41.3,2.14,3.185457516,55,4.75236868,0.459,1.478216,10.40455,0,-5,-11,20,15,10,55,44,21780
SA,Saudi Arabia,90.99999799,7.585997455,122.0799835,0,1.01010101,13871.72975,28139.02348,35.44727182,12479.88075,19491.68817,49.87750928,72544.33559,99.42,98,90,2,2,0.305716906,99.78408872,97.56243304,96.61151557,0.796812749,0.876026594,1.274900398,233.4716,3838.32,6529.12,2,2,2,2,44.23076923,3,67.30769231,76.92307692,69,34.61538462,94.84237,9.6,2,1,2,57.69230769,44.23076923,28.84615385,42.30769231,47.72727273,3,2,1,0,2,2,1,2,1,1,2,686.7384,32.71,83.538,20080,45.9,0,99.42022595,4.891470498,80,2.417,1.934990663,49,6.4,0.7119,20.813695,11.344279,0,0,-1,80.07575862,85,85,100,99,2498692
SN,Senegal,19.92784882,0.705305999,99.41831103,5.263157895,11.26760563,3085.825662,10120.1364,73.34677983,4710,9410,67.56526042,4969.718287,92,50,21.6,2,1,0.630914826,90,43.49286473,69.13485035,2.170021854,11.7820914,32.33332562,62.4,3943.81,9900.5,2,2,0,1,26,2,70,72,30,28,55.62485,2.8,3,3,2,28,50,38,28,55.26315789,3,2,1,0,1,0,1,1,1,0,2,16.3748,15.85,46.74,950,40.3,12.8,65.23029976,1.892744479,83.15128,1.849,6.14729225,45,5.68,0.3486,3.647939,11.941546,0,-2,-8,25.66476804,40,38,79,71,111795
SL,Sierra Leone,10.66798221,0,84.89871136,35.71428571,20.93023256,8261.75927,16562.17543,54.37165275,4513.798154,4672.416228,73.28912614,916.3324886,90.87038462,40.02,0,0,2,0,18.57,20.19771572,26.04336085,7.328613146,13.19639779,38.2362425,48,4358.55,5764.887368,2,1,1,1,44,1,62,86,16,14,48.4319,3.3,0,1,0,44,42,38,28,65,1,0,0,1,0,0,0,1,0,1,2,3.7388,7.557,41.636,510,34,16.7,19.52,1.323276432,3.02843,1.74,4.663585434,30,5.043627734,0.2717,0.160188,6.431914,0,-5,-9,11.77318438,19,14,52,43,0
SG,Singapore,91.05969931,25.75652794,130,2.325581395,1.052631579,170851.2268,132179.8549,20.59491697,31678.72386,75964.78183,32.08895256,958635.1106,100,100,100,2,2,10.69080413,100,100,98.92411623,0.159358655,0.334356418,0.795199714,344.0407,3702.94,3025.9,2,2,2,2,50,3,69.23076923,92.30769231,90,21.15384615,97.2,11.6,3,2,2,50,53.84615385,21.15384615,19.23076923,44.44444444,2,2,0,0,2,2,1,2,1,1,2,323.9,5.6123,100,54530,40.1,0,100,44.54501719,100,1.382,6.322082166,84,8.6,0.8812,4.699204,0.997302,0,-2,-1,84.44953878,88,86,96,95,1470400
ZA,South Africa,55.85105307,2.994437873,130,6.818181818,-3.75,8196.227089,12739.8308,42.33788184,8254.178023,20135.63368,37.7949155,17414.00459,99.97,98.6,80,2,2,1.23419786,84.2,84.2,93.85854264,1.64082883,1.619272505,2.734714717,82.5549,3362.13,2256.64,1,2,1,2,38,3,70,72,54,24,94.59794,10.3,3,3,2,50,48,30,32,55.26315789,4,2,1,1,2,2,1,2,1,1,2,349.693,56.717,65.822,5430,63,6.2,84.2,1.939453779,61.56833328,2.328,7.238235294,43,5.9,0.6618,28.58029,26.398617,1,-3,3,54,47,44,77,80,1698360
KR,South Korea,99.89615394,41.57512428,124.8645076,5.882352941,1.030927835,81637.87962,122474.313,12.98459475,16521.18722,42816.99084,47.20792499,53307.73994,99.9,99.9,99.9,2,2,0.39229532,100,100,97.06212796,0.987486515,0.467764061,1.481229773,361.9822,3685.34,2916.82,2,2,2,2,62.74509804,3,56.8627451,82.35294118,95.5,25.49019608,100,12.2,3,1,2,45.09803922,39.21568627,29.41176471,15.68627451,47.91666667,4,2,1,1,2,2,1,2,1,1,2,1530,50.982,82.7,28380,31.6,0.1,100,2.15762426,100,1.823,7.996265173,54,7.3,0.901,43.274132,7.229801,1,-5,-1,95.09714917,90,85,98,97,21195918
ES,Spain,83.53050115,31.22446341,114,5.434782609,1.052631579,76468.14373,85886.74063,29.50159283,60877.22387,71346.88669,19.69294371,115398.6296,99.8,99.6,97,2,2,1.078748652,100,100,97.69117792,0.298514122,0.597495949,1.198036674,196.8555,2868.96,3000.7,2,1,2,2,46,3,62,92,80,44,98.25051,9.8,3,3,2,60,52,20,20,63.26530612,4,2,1,1,2,2,1,2,1,1,2,1314.1,46.35,80.028,27180,36.2,0.6,100,7.335490831,100,1.678,8.0821662,57,7.2,0.8415,37.865104,8.1995,1,-5,-1,84.6022457,97,92,96,95,14473888
LK,Sri Lanka,21.11,5.846188879,130,48.38709677,22.05882353,8201.91111,20291.80839,43.57865249,10053.43408,17567.77769,41.40493463,23068.12345,99.72,88,48,2,1,0.478927203,100,100,89.20602628,0.48845032,0.28072414,1.224815626,35.9502,2856.97,4900.7,2,3,2,1,28,2,54,90,52,36,92.61417,10.9,1,2,2,56,48,50,34,47.72727273,0,0,0,0,1,0,1,1,1,0,2,87.3572,20.88,18.4,3840,39.8,0.1,100,3.352490421,17.8044562,1.954,6.480532213,38,5.5,0.5751,6.087164,14.723652,0,-15,-15,32.05100274,46,31,83,68,1220504
SD,Sudan,33.61,0.076682572,70.6681119,53.63636364,15.70346417,8469.346789,16656.28198,47.15221838,5597.309357,8962.379215,88.06824721,2082.823531,89.7,45.99,35,0,0,0.357781753,71.01413997,31.4202654,0,0.943016837,1.040127831,7.544134697,53.8055,3652.22,5008,2,1,1,1,46,2,64,72,15,20,58.60132,3.5,1,1,2,46,52,42,24,65.11627907,0,0,0,0,0,0,1,0,0,0,2,123.0534,27.95,34.37,2380,35.4,4,45.02868009,1.788908766,4,3.155,2.14799253,16,3.625173077,0.2394,10.886813,30.288728,0,-9.24,-8.2,28,16.9,11,69.84,61.64,31082
SE,Sweden,93,38.37,130,3.225806452,-1.020408163,59688.27202,79882.4802,23.63392476,13316.62883,39443.12786,43.10335015,512007.8149,100,100,100,2,2,10.09010463,100,100,98.14396619,0.130787401,0.283949822,0.9849092,283.0773,2757.81,2143.66,2,3,2,2,58,3,54,92,94.6,42,100,12.3,3,2,2,44,52,36,26,53.06122449,3,2,0,1,2,2,1,2,1,1,2,535.82,9.9107,86.111,52590,29.2,0.3,100,25.22526159,100,1.502,9.394257703,84,8.4,0.8882,9.169705,0.682147,0,-3,1,96.40964528,96,93,97,98,3735884
CH,Switzerland,89.83019949,45.42234225,130,3.260869565,5.617977528,52896.14142,90895.87243,22.21405138,18177.27417,46328.62278,30.51483621,267409.0553,100,100,99,2,2,7.078476712,100,100,99.89785021,0.134632997,0.451008553,0.680728666,443.5657,4458.59,3368.5,2,3,2,2,68,3,66,84,96.43,24,100,13.4,3,2,2,54,48,28,26,59.57446809,3,2,0,1,2,2,1,2,1,1,2,679.07,8.4764,74.048,80560,32.3,0,100,0,100,1.407,9.027894491,85,8.3,0.852,7.302714,1.076763,0,-3,-5,93.71386591,95,92,94,89,3850000
TW,Taiwan,89.90000169,24.18292443,121.8016278,4.444444444,3.333333333,46579.75965,82211.22759,13.95037054,15392.57113,40387.6432,26.73786427,714832.0477,100,100,99.6,2,1,0.848500276,99,99,96.13351557,0.319926623,1.565106709,0.545060172,230.5547,2715.69,6289.06,2,3,2,2,52,3,52,96,91.66393821,24,100,10.7,3,1,2,44,50,30,30,45.65217391,3,2,1,0,2,2,1,2,1,1,2,572.58,23.571,80,23287,33.6,0,99,7.212252344,100,1.736,7.730275444,63,7.8,0.774328571,20.601364,2.803945,0,-4,-3,79.74518686,94,90,93,90,5713568
TZ,Tanzania,8.470793179,3.224858467,69.71531452,113.3333333,19.35483871,8935.566559,7239.263073,52.57774179,4994.173761,9070.341869,49.21948786,1687.340596,95,85,13,0,2,0.348979236,65.3,16.75413536,70.57449926,2.95819998,5.520199444,24.84887983,28.6876,2619.93,4327.6,2,3,1,2,38.88888889,2,64.81481481,81.48148148,27,18.51851852,80.3595,5.8,2,1,2,50,53.7037037,46.2962963,35.18518519,63.63636364,1,0,0,1,2,1,1,2,1,1,2,52.1166,57.31,33.053,910,37.8,15.4,32.8,0.523468854,12.42226569,1.837,5.466176471,36,5.049028846,0.3929,2.895662,52.259811,0,-17,-12,13,32,15,74,62,1848167
TH,Thailand,64.37980546,11.88918842,130,-1.851851852,1.162790698,25266.49386,48821.2771,18.32967387,9858.890364,15433.88384,33.38408313,48297.97235,98,98,98,2,2,0.434543295,100,100,89.99356518,0.437984201,1.276426519,3.802210538,95.7362,3391.34,2994.94,2,1,1,2,52.94117647,3,60.78431373,96.07843137,68,39.21568627,93.98302,7.9,1,0,0,66.66666667,62.74509804,49.01960784,27.45098039,60.86956522,3,2,0,1,2,2,1,1,0,1,2,455.46,69.038,52.867,5960,36,0,100,1.593325415,96.70260782,2.259,4.633613445,37,6.6,0.6543,29.078158,39.068451,0,1,-1,52.89192934,53,54,87,86,8208000
TN,Tunisia,44.54192763,6.952620276,124.2969315,11.11111111,10.38961039,2273.742453,6245.604203,51.86773325,4784.463268,9578.566447,36.44152669,33592.5796,99,99,87,2,1,0.867302689,100,100,83.20587399,1.417101761,1.026702829,1.487956849,63.1991,3416.58,3192.72,2,2,1,2,50.94339623,2,62.26415094,86.79245283,47,13.20754717,81.05419,7.1,3,3,2,39.62264151,47.16981132,20.75471698,18.86792453,40.54054054,2,2,0,0,1,2,0,0,0,0,2,39.158,11.53,68.642,3500,35.8,0.4,100,3.469210755,43.08272214,1.998,6.324883287,42,5.085410839,0.6254,5.472618,5.902602,0,-6,-8,55.5,60,54,85,77,801785
TR,Turkey,80.74287812,14.76859502,96.35290201,15.27777778,0,3981.147561,14784.02464,33.88355401,9521.200351,19131.28998,35.72649916,66322.79981,99.84,97.38,86.52,2,2,0.247693356,100,100,89.12161535,0.421326233,0.827300631,0.842652466,102.7561,3475.06,4339.08,2,2,2,2,72.54901961,3,72.54901961,94.11764706,62,43.1372549,95.6881,7.9,2,3,2,52.94117647,66.66666667,29.41176471,9.803921569,64,4,2,1,1,1,1,1,2,1,1,2,848.3768,80.745,74.423,10930,41.9,0,100,0.619233389,86,2.898,4.876540616,40,5.9,0.7112,46.19672,33.425342,0,-11,0,64.68461768,83,72,91,91,11924905
AE,UAE,96.93751753,13.99826659,130,-1.052631579,0,9708.807258,29070.73412,22.76044811,15441.63578,35871.36174,55.63480392,140772.6555,100,100,99.64,2,2,2.127659574,100,100,96.93959966,0.250513335,0.717642176,0.57618067,313.2,5092.48,7293.06,2,0,2,2,35.29411765,3,54.90196078,88.23529412,87,43.1372549,92.98637,9.5,3,2,2,54.90196078,64.70588235,39.21568627,27.45098039,48.93617021,3,2,0,1,0,2,1,1,1,0,2,382.523,9.4,86.087,39130,37.5,0,100,19.14893617,89.24477748,1.818,2.688141923,71,7.4,0.8295,8.51542,0.751551,0,1,0,94.81992254,94,95,100,100,1297585
UG,Uganda,8.9,0.34007219,58.20615087,18.51851852,15.87301587,6788.545582,4901.514582,41.14970836,2814.071877,6479.149503,74.7002091,5507.28531,93,65,17,2,1,0.233301449,23.3,18.63165592,34.87018188,11.0765754,13.9871491,11.0765754,26.4,3561.52,5764.887368,2,3,2,2,32,3,68,76,43,12,73.80984,5.7,3,3,0,56,52,42,20,64.28571429,3,1,1,1,2,1,1,2,1,1,2,27.6989,42.863,23.196,600,42.8,13.2,19.71452501,0,12.42019243,2.168,5.09353408,26,5.362052885,0.4055,7.645197,32.677571,1,-5,-10,21.87617046,32,27,73,63,145765
UA,Ukraine,54.6,12.55426783,130,6.060606061,-1.123595506,34782.25848,33769.33528,28.89428313,7520.796553,15151.04507,42.43553887,80627.26848,99.9,90,43,2,2,1.652502361,100,100,86.01099515,0.849512227,1.559630339,1.51024396,20.1692,3713.9,2108.4,2,3,2,2,54.71698113,3,64.1509434,88.67924528,60,43.39622642,99.76411,11.3,3,1,2,37.73584906,49.05660377,45.28301887,39.62264151,48.07692308,2,2,0,0,1,2,1,1,1,0,2,112.15,42.36,70.13,2390,25,0,100,0.236071766,94.11725,3.113,5.694817927,30,4.6,0.6165,19.678089,24.946284,0,-4,1,53,70,66,88,89,5239743
GB,United Kingdom,91.25,39.30975361,119.6309487,1.123595506,2.173913043,12642.83212,41841.85987,33.97462507,10512.59688,31754.79631,36.00649531,438290.4381,99.8,99.8,99.3,2,2,1.51098486,100,100,98.72478444,0.457260216,0.451230958,1.028835486,235.5042,2757.54,2497.44,2,1,2,2,66.03773585,3,56.60377358,79.24528302,95.1,43.39622642,100,13.3,3,2,2,60.37735849,49.05660377,28.30188679,22.64150943,72,4,2,1,1,2,2,1,2,1,1,0,2630.7,66.182,83.096,40530,33.2,0.1,100,16.46973497,100,1.876,8.531862745,82,7.9,0.8999,60.273385,4.837758,0,-1,-2,94.77580063,90,89,94,92,26015818
US,United States,84.84725799,33.85261104,122.0124685,1.111111111,1.063829787,26068.39204,71531.72198,37.65210421,12769.32403,32100.02394,50.21172407,128709.6947,99.9,99.9,99.8,2,2,3.277352879,100,100,99.55808,0.448120822,1.416624543,1.029483474,532.8,2574.93,1481.32,2,3,2,2,66,3,68,88,87,30,100,13.2,3,3,2,42,30,16,28,51.02040816,2,2,0,0,2,0,1,2,1,1,0,19390.604,326.483,81.961,58270,41.5,1,100,5.390786044,100,2.321,7.97840803,75,8.2,0.8769,0.057485,0.04893,0,-1,-1,76.17673698,91,90,95,94,109838000
UY,Uruguay,61.8,27.4817097,130,2.564102564,1.098901099,8543.926279,34186.95348,33.16723341,13834.03765,24911.64279,43.58511852,96617.13714,100,95,88,2,0,0,99.8,97.60528487,96.30643192,0.274401684,0.791979317,0.83755455,139.2431,4111.28,9821.34,2,3,2,2,50.98039216,3,74.50980392,88.23529412,59,35.29411765,98.4421,8.6,3,2,2,45.09803922,66.66666667,39.21568627,15.68627451,58.69565217,3,2,0,1,2,2,0,1,1,0,2,59.1802,3.439,95.24,15250,39.7,0,99.69553156,8.723466124,100,1.761,8.115779645,70,5.787314704,0.7858,2.238991,1.20508,0,-2,-1,66.4,80,78,92,91,949974
VE,Venezuela,34,8.162468945,76.59767086,9.433962264,14.49275362,1031.687162,2953.10117,97.36868066,3325.532071,4232.642531,91.93715308,19033.35423,97.10142857,90.64,67.79,2,0,0,99,98.08690809,95.59994988,n/a,1.279051328,2.560391589,36,3970.42,5282.54,2,2,1,2,46,2,74,90,40,26,97.12709,9.4,1,0,0,78,42,50,42,78.57142857,2,2,0,0,0,0,1,1,0,1,2,329.1,31.33,89.086,12780,46.9,7.1,98.89209993,5.426109161,14.58470821,2.642,3.866690009,18,3.6,0.5287,18.254349,13.264506,0,-5,-10,60,58,53,79,69,2610118
VN,Vietnam,25.898507,11.79594058,125.6177267,19.14893617,7.407407407,31906.11114,29541.11849,12.70855138,7734.216751,14283.05574,33.19134446,90887.58784,95,95,95,2,0,0.104667106,100,98.14777656,68.68179558,1.730421433,1.830417884,0.494383866,16.56,3386.04,3300.18,2,3,2,2,54,3,62,100,50,46,94.51427,8,3,0,2,62,60,62,50,56,1,0,0,1,2,2,1,2,1,1,2,220.48,95.541,34.921,2170,35.3,0.4,98.8,0.628002638,32.23052016,1.905,3.075046685,35,5.8,0.5931,49.063762,45.380438,0,-9,-6,46.5,56,47,87,81,11269936
ZM,Zambia,14.334876,0.210083812,78.6149339,32.14285714,4.918032787,10884.37388,11047.26158,52.90290256,4908.422247,5740.464536,83.17379644,3792.862609,93,53,43.41,2,2,0.584795322,67.3,6.467421909,73.17332873,9.987594821,12.14785677,24.241735,36,3642.02,5764.887368,2,1,1,1,31.48148148,1,59.25925926,79.62962963,24,14.81481481,85.11726,6.9,3,1,2,38.88888889,53.7037037,44.44444444,16.66666667,56.75675676,1,0,0,1,1,0,1,2,1,1,2,25.7093,17.1,42.976,1300,57.1,29.5,32.61083067,0,6.953020134,1.822,5.680228758,37,4.9520625,0.4111,3.167934,13.549398,1,-9,-3,25.50657885,37,28,64,61,35912
G00,All countries,52.801,13.916,107.086,26.538,9.719,18586.803,30027.822,39.512,10026.225,20545.4,50.772,87557.743,96.309,85.59,67.4,1.68,1.39,1.768,89.839,75.425,81.985,2.431,4.852,22.406,137.323,3734.676,4555.629,1.98,1.88,1.51,1.71,48.184,2.4,63.58,85.629,55.119,30.644,85.008,8.386,2.47,1.69,1.66,47.472,50.733,35.717,27.784,58.502,2.19,1.33,0.39,0.47,1.52,1.51,0.92,1.57,0.83,0.74,1.81,775.473,69.915,62.685,14963.37,38.645,4.688,81.594,6.422,59.919,2.025,5.915,46.11,6.004,0.604,29.561,36.625,0.22,-6.252,-5.28,53.908,61.089,54.947,84.232,78.953,9709843.92
G01,Africa,22.84,1.279,84.705,50.946,15.257,7536.439,11645.09,53.921,5022.931,7657.116,67.079,11815.151,91.932,64.994,33.554,1.161,0.774,0.7,69.169,33.363,59.684,6.023,12.107,66.525,56.155,4247.15,5965.87,1.935,1.484,0.968,1.387,43.058,1.71,64.998,79.925,29.137,23.693,63.953,5.126,2,1.516,1.419,43.982,54.964,39.479,29.379,60.074,1.323,0.581,0.258,0.484,1.258,1.065,0.903,1.097,0.645,0.452,1.806,66.338,36.134,43.341,1769.677,42.174,13.691,47.837,1.289,24.899,2.176,4.744,34.226,4.772,0.37,8.766,26.772,0.194,-9.177,-8.368,24.424,33.861,24.99,72.215,63.848,516666.226
G02,Asia,53.083,12.922,115.307,34.461,17.258,32887.75,39322.822,30.6,10910.969,22195.515,49.193,117132.868,97.32,90.547,77.828,1.905,1.381,1.358,97.602,87.412,83.921,0.973,2.073,3.602,122.879,3507.673,4308.646,2,2,1.619,1.762,46.607,2.524,62.504,88.998,58.798,31.66,88.886,8.681,2.476,1.333,1.619,52.077,52.149,34.771,27.051,53.313,2.286,1.381,0.429,0.476,1.81,1.762,0.952,1.667,0.857,0.81,1.762,1285.71,194.699,55.388,12298.905,35.76,0.8,91.289,4.672,62.438,2.022,5.596,42.81,6.152,0.632,81.19,112.716,0.429,-6.5,-7.762,51.979,59.762,53.381,87.905,80.143,25177171.14
G03,Central Asia,77.439,13.264,118.662,-1.333,2.234,14706.42,16869.139,36.407,9298.143,16982.871,45.765,49907.898,96.55,82.15,73.25,2,2,0.521,100,98.149,87.637,0.281,1.096,0.961,56.845,4166.74,5520.24,2,2.5,1.5,1.5,38.889,2.5,62.963,94.444,67.5,29.63,93.48,10.25,3,2.5,2,16.667,48.148,27.778,16.667,32.653,3,2,0.5,0.5,2,2,1,1.5,1,0.5,2,309.543,49.682,63.794,6645,32.85,0,99.526,0.678,66.631,2.207,2.754,30.5,4.7,0.684,24.555,24.394,0.5,1,-2,68.422,67,68,92.5,90.5,6315634.5
G04,East Asia,72.91,26.817,121.52,3.347,1.58,59804.656,81083.54,22.93,14074.13,34427.357,45.961,193413.849,99.66,98.56,83.5,2,1.4,1.053,99.6,94.447,93.043,1.171,1.17,1.463,243.953,3522.618,3326.636,2,2.4,1.8,2,54.416,2.6,56.973,89.045,80.953,29.65,98.945,10.56,2.6,1.6,1.6,44.281,47.361,29.742,24.312,52.88,3,2,0.4,0.6,1.8,2,1,1.6,0.8,0.8,2,3800.634,315.423,76.495,20439.4,34.36,0.12,97.969,2.521,95.901,1.803,6.641,53.4,6.848,0.763,180.298,136.814,0.4,-2.6,-1.4,68.456,78.8,76.2,95,93.6,89225043.8
G05,Europe,81.716,31.459,120.551,5.969,1.992,29680.217,51700.872,26.86,15694.193,36991.244,32.601,171817.628,99.37,97.876,93.478,1.917,2,3.967,100,100,96.144,0.372,0.687,1.162,192.93,3270.249,3033.92,2,2.542,1.875,1.958,56.143,2.833,61.083,89.479,82.564,37.737,99.137,11.508,2.833,2,2,44.716,43.226,28.856,22.846,59.935,2.917,2,0.458,0.458,1.583,1.958,1,1.958,1,0.958,1.833,840.918,32.059,75.253,30915,32.225,0.308,100,11.632,94.483,1.768,7.625,63.417,7.223,0.807,23.828,7.966,0.208,-4.583,-1.75,79.87,85.958,81.375,93.458,91.708,9225200.083
G06,Europe (EU),82.987,33.042,120.344,5.659,2.113,29138.635,53240.225,26.936,16667.996,39565.136,31.327,182793.146,99.708,99.233,97.647,1.9,2,4.23,100,100,96.865,0.354,0.662,1.22,199.711,3214.59,3025.638,2,2.5,1.85,1.95,54.508,2.8,59.464,89.435,84.605,38.158,99.206,11.58,2.85,2.05,2,44.426,41.684,27.993,22.144,60.54,2.95,2,0.5,0.45,1.7,2,1,2,1,1,1.8,848.245,24.541,75.665,31942.5,31.825,0.37,100,13.871,95.374,1.593,8.011,66.9,7.468,0.82,19.822,4.528,0.25,-4.4,-1.85,81.474,86.9,82.5,93.7,91.85,8475868.3
G07,Gulf Cooperation Council,93.913,8.311,127.25,1.739,2.441,11908.816,22567.01,29.045,14714.781,29063.725,40.935,93187.783,99.704,99.3,96.168,2,2,0.487,99.937,97.784,95.493,0.438,0.957,1.36,302.316,4602.928,6317.304,2,1.2,1.8,2,36.562,2.8,60.313,79.419,68.2,34.7,95.135,8.86,2.8,2.2,2,42.793,55.071,37.363,34.655,53.474,3,2,0.6,0.4,1.2,1.8,1,1.4,0.8,0.6,2,285.673,10.761,90.453,33230,38.58,0,99.63,19.348,88.101,1.977,2.941,53.2,6.586,0.736,7.59,2.885,0,-1.044,-1.911,88.807,87.84,86.6,97.311,95.4,902944.8
G08,Latin America,46.658,11.942,112.896,13.59,4.637,5882.807,17576.724,48.066,7678.413,12695.181,54.834,59269.79,97.101,93.323,64.921,1.867,1.333,1.419,99.354,92.245,94.548,1.392,2.59,3.792,123.336,3694.713,4330.107,2,1.733,1.667,1.8,51.574,2.667,65.887,88.369,49.428,32.167,93.393,8.513,2.733,1.8,1.467,55.472,51.625,41.381,32.297,63.55,2.333,1.333,0.533,0.467,1.533,1.4,0.8,1.8,0.867,0.933,2,363.157,38.506,77.082,8846.667,45.947,1.247,97.417,7.526,55.153,2.109,6.695,39.733,5.831,0.636,21.859,16.613,0.067,-6.2,-3.2,58,63.467,57.267,82.667,79.467,4917900.333
G09,Middle East and North Africa,74.779,8.942,121.833,7.248,6.097,8142.425,19128.648,38.109,10874.422,20240.348,41.903,68500.086,99.356,98.019,83.757,2,1.727,0.449,99.962,98.447,90.268,1.037,1.688,2.505,186.252,3879.484,6230.382,2,1.273,1.636,1.727,37.324,2.364,61.561,82.166,57.182,26.532,89.061,8.564,2.455,1.727,1.818,40.847,55.838,37.63,32.934,54.03,2.364,1.727,0.364,0.273,1.273,1.636,0.818,1.182,0.727,0.455,2,212.017,23.305,80.094,20066.364,36.609,0.112,99.644,10.288,77.377,2.141,4.045,47.545,5.973,0.645,10.158,12.412,0,-3.111,-4.778,72.098,75.564,72.364,93.778,89,1625836.727
G10,North Africa,49.66,5.957,118.355,19.555,12.241,1706.827,7297.348,54.539,5269.87,9013.759,47.864,26183.934,99.1,95.928,67.873,2,1.25,0.339,99.975,98.498,82.584,1.799,2.592,2.855,55.359,3445.038,7322.505,2,1.25,1.25,1.5,34.938,1.5,59.901,85.183,39.25,19.586,77.054,6.75,2,1,1.5,39.839,56.216,37.279,35.749,55.215,1.5,1.25,0.25,0,1,1.75,0.75,0.75,0.5,0.25,2,128.546,45.948,61.437,3332.5,33.675,0.233,99.483,2.175,58.569,2.198,4.531,36.75,4.901,0.514,16.079,28.909,0,-8.75,-9.5,51.289,56.25,47.5,88.25,78.75,2642717.5
G11,North America,86.144,35.934,103.954,1.105,0.532,25550.623,65153.826,35.189,13702.654,43128.61,45.151,134139.605,99.65,99.65,99.15,2,2,3.277,100,100,98.84,0.468,1.417,0.88,551.66,2672,1564.74,2,2,2,2,56.529,3,69.294,90.078,89.5,31.667,100,13.15,2.5,2,2,47.471,36.569,19.765,23.804,51.552,2.5,2,0,0.5,2,1,1,2,1,1,0,10521.752,181.552,82.075,50570,37.75,0.6,100,3.788,98.5,1.847,8.565,78.5,8.2,0.851,16.089,2.107,0.5,-1,-0.5,83.668,91.5,90.5,88.5,88,61880252
G12,South Asia,19.078,2.662,100.388,121.908,60.515,11353.017,15002.023,36.277,6292.633,10540.908,56.078,14147.14,95.336,78.93,56.694,2,1,0.213,95.961,81.574,68.931,1.201,2.98,3.902,28.27,3071.932,4829.064,2,1.8,1.6,1.4,36.147,2.2,62.706,83.958,38,35.736,71.74,6.32,2.2,1.4,1.6,65.53,60.455,37.131,30.847,61.914,1.8,0.8,0.8,0.2,1.8,1.4,1,1.8,1,0.8,2,653.402,350.212,29.359,1900,34.72,2.14,86.354,0.836,30.247,2.335,5.716,33.8,5.257,0.492,105.791,240.649,0.8,-16.6,-23.2,23.01,34.8,18.2,83.2,60,5685277
G13,Southeast Asia-Pacific,55.546,10.827,119.399,11.12,5.275,33937.948,34623.685,30.416,12077.806,23033.194,47.926,146907.722,97.294,94.414,87.436,1.778,1.444,2.348,96.871,84.361,86.356,0.889,2.287,5.21,122.851,3594.99,4295.842,2,1.778,1.556,1.889,49.794,2.667,65.362,90.56,56.111,30.963,91.803,8.6,2.444,0.889,1.556,56.802,51.085,37.808,28.771,53.367,2,1.222,0.222,0.556,1.778,1.778,0.889,1.667,0.778,0.889,1.444,456.739,73.46,56.255,14810,37.762,0.611,88.489,8.886,60.799,1.929,5.58,44.667,6.585,0.626,25.049,47.881,0.222,-4.722,-4,55.266,61.444,57,85.556,81.556,4615302.333
G14,Sub-Saharan Africa,18.867,0.585,79.72,55.596,15.703,8400.086,12289.2,53.83,4986.347,7456.132,69.926,9686.442,90.87,60.411,28.47,1.037,0.704,0.753,64.605,23.714,56.291,6.648,13.516,75.958,56.273,4365.982,5764.887,1.926,1.519,0.926,1.37,44.261,1.741,65.753,79.146,27.638,24.302,62.013,4.885,2,1.593,1.407,44.596,54.778,39.805,28.435,60.794,1.296,0.481,0.259,0.556,1.296,0.963,0.926,1.148,0.667,0.481,1.778,57.122,34.68,40.66,1538.148,43.433,15.685,40.185,1.158,19.911,2.173,4.775,33.852,4.752,0.349,7.682,26.456,0.222,-9.24,-8.2,20.443,30.544,21.656,69.84,61.64,201695.667
G15,High income,85.035,28.535,122.469,4.276,1.835,30778.331,52405.058,28,15487.103,36329.653,36.618,182694.95,99.45,98.853,94.807,1.944,1.861,3.428,99.952,98.559,97.253,0.46,0.802,1.285,266.275,3435.632,3702.366,2,2.222,1.889,1.917,50.904,2.889,60.826,87.112,81.341,35.28,98.495,11.256,2.806,2,2,45.167,45.851,31.159,24.269,57.475,3.056,2,0.5,0.556,1.694,1.889,0.944,1.889,0.972,0.917,1.722,1386.352,33.336,82.164,34926.306,34.933,0.242,99.668,14.005,92.857,1.704,7.345,66.139,7.4,0.812,19.925,4.117,0.278,-3.228,-1.599,83.316,86.867,83.611,93.46,91.861,10734960.81
G16,Low income,12.393,0.396,71.509,67.924,20.957,8988.703,13600.628,50.52,4025.512,5350.021,72.582,3839.041,88.728,53.624,17.826,0.706,0.529,0.463,56.157,18.132,40.283,8.764,18.433,110.112,40.3,4344.539,6093.518,1.941,1.353,0.882,1.235,42.172,1.647,65.368,78.125,22.249,25.421,54.003,3.771,1.882,1.824,1.529,46.199,52.927,38.358,29.278,62.279,1.294,0.471,0.294,0.529,1.294,1.059,0.941,1.176,0.706,0.471,1.647,19.751,30.089,32.582,620.588,39.612,18.429,30.497,0.643,12.923,2.134,4.56,33.059,4.895,0.313,2.238,27.032,0.118,-9.176,-10.824,13.928,26.176,17,66.118,55.294,181814.118
G17,Lower middle income,30.27,3.415,103.705,46.145,20.512,11248.928,13857.418,47.671,6800.991,10919.969,58.596,34114.925,95.66,82.582,55.784,1.826,1.304,0.528,91.669,65.814,79.434,1.835,3.934,10.393,54.082,3554.995,4802.979,2,1.826,1.348,1.696,43.542,2.043,64.113,85.915,38.652,27.288,78.093,6.722,2.174,1.13,1.348,48.293,55.432,40.36,30.443,56.221,1.261,0.696,0.261,0.304,1.304,1.261,0.826,1.261,0.696,0.565,1.87,270.522,123.438,46.888,2349.13,38.381,4.822,77.613,1.608,36.494,2.294,5.019,32,5.039,0.473,39.053,83.44,0.261,-9.717,-10.017,33.291,43.943,34.639,81.682,71.664,2764792.174
G18,Upper middle income,54.663,11.625,112.454,11.827,3.241,14130.294,23594.535,41.163,9176.263,16856.785,49.058,55368.712,97.588,91.22,72.536,1.833,1.375,1.392,96.773,90.518,91.067,1.431,2.187,3.474,92.39,3923.452,4509.141,1.958,1.792,1.542,1.75,52.813,2.542,65.932,88.445,54.851,30.604,93.367,8.946,2.667,1.667,1.542,51.045,52,36.232,29.452,59.551,2.417,1.542,0.417,0.458,1.625,1.5,0.958,1.667,0.833,0.833,2,878.368,101.701,69.927,7267.083,43.779,1.497,94.492,3.753,66.249,2.17,5.587,38.833,5.622,0.624,54.272,47.315,0.167,-5.396,-2.333,57.874,63.583,58.292,85.667,83.333,21576864.29
